range,surface_offset_mm,z_shift_mm,piece,rmse_mm,mae_mm,max_error_mm,points,winner
full,0.0,-0.3,Pawn,1.4999098665216788,1.2946746285314696,2.1784680291237795,232,0
full,0.0,-0.3,Bishop,0.2760348631864649,0.20993556132617622,1.3522483897085653,232,1
full,0.0,-0.3,Queen,0.31314757994934256,0.27415588060129736,1.3029999999999973,232,0
full,0.0,-0.25,Pawn,1.4723781580747801,1.2697955412150173,2.1580000000000013,233,0
full,0.0,-0.25,Bishop,0.2687243536009718,0.21503942627089312,1.4825848082566555,232,1
full,0.0,-0.25,Queen,0.31952862808139154,0.2894809120572223,1.1887130036794353,232,0
full,0.0,-0.2,Pawn,1.4433159657191978,1.2416096644605183,2.150468029123777,233,0
full,0.0,-0.2,Bishop,0.2622101928768074,0.22342562814088232,1.2292483897085678,233,1
full,0.0,-0.2,Queen,0.3288321820150854,0.30476246356595105,1.1209999999999987,233,0
full,0.0,-0.15000000000000002,Pawn,1.4158144338454537,1.2168756371927305,2.123000000000001,234,0
full,0.0,-0.15000000000000002,Bishop,0.26407701182620935,0.23271165411751188,1.3363348082566535,233,1
full,0.0,-0.15000000000000002,Queen,0.34214468325043446,0.32162547568324323,1.0067130036794367,233,0
full,0.0,-0.10000000000000003,Pawn,1.386712933470577,1.1888102129029954,2.115468029123777,234,0
full,0.0,-0.10000000000000003,Bishop,0.2684844463822748,0.24636122223363838,1.0829983897085604,234,1
full,0.0,-0.10000000000000003,Queen,0.3583096516151719,0.3379686068840449,0.8730000000000011,234,0
full,0.0,-0.050000000000000044,Pawn,1.3592778900568774,1.1642188812897831,2.085885000000001,235,0
full,0.0,-0.050000000000000044,Bishop,0.2791959980483373,0.26067704919486917,1.1543348082566602,234,1
full,0.0,-0.050000000000000044,Queen,0.3775048572506307,0.35475955484698957,0.8730000000000011,234,0
full,0.0,-5.551115123125783e-17,Pawn,1.3301736010230543,1.1362728843374506,2.0754680291237744,235,0
full,0.0,-5.551115123125783e-17,Bishop,0.2912986305292031,0.2779627161537502,0.9009983897085618,235,1
full,0.0,-5.551115123125783e-17,Queen,0.3980555143469181,0.37107937876964486,0.9587543790720616,235,0
full,0.0,0.04999999999999993,Pawn,1.3028394895666986,1.1118219284029618,2.050885000000001,236,0
full,0.0,0.04999999999999993,Bishop,0.3080995609147496,0.29454224657012595,0.9063348082566574,235,1
full,0.0,0.04999999999999993,Queen,0.42140160681326216,0.38779887589019435,1.1209999999999987,235,0
full,0.0,0.09999999999999992,Pawn,1.2738562992271587,1.0839943466919528,2.0284680291237773,236,0
full,0.0,0.09999999999999992,Bishop,0.3237485176455923,0.3095681788812012,0.6934754139678123,235,1
full,0.0,0.09999999999999992,Queen,0.4458530885120138,0.4050584623312356,1.1407543790720602,236,0
full,0.0,0.1499999999999999,Pawn,1.245521583344514,1.0577747720875927,2.0108849999999983,236,0
full,0.0,0.1499999999999999,Bishop,0.3435009296865994,0.3266700909336811,0.7315709999999971,235,1
full,0.0,0.1499999999999999,Queen,0.4721082269142749,0.423816772177691,1.3029999999999973,236,0
full,0.0,0.1999999999999999,Pawn,1.2168187180118384,1.0301264609105845,1.9744680291237753,236,0
full,0.0,0.1999999999999999,Bishop,0.3653617194280053,0.3432480526403418,0.8397254139678143,234,1
full,0.0,0.1999999999999999,Queen,0.49898568785117897,0.44379792869581497,1.3029999999999973,236,0
full,0.0,0.24999999999999983,Pawn,1.1885584215917857,1.0037670018786213,1.9638850000000012,236,0
full,0.0,0.24999999999999983,Bishop,0.3913259929919429,0.3666650440136767,0.8778209999999991,234,1
full,0.0,0.24999999999999983,Queen,0.5265805094993932,0.4645594244259267,1.4492499999999993,236,0
full,0.0,0.2999999999999999,Pawn,1.1599090296860433,0.9760161540806791,1.9124680291237777,236,0
full,0.0,0.2999999999999999,Bishop,0.4180166863818049,0.38738319320389647,0.9627254139678172,233,1
full,0.0,0.2999999999999999,Queen,0.5542453880006558,0.4861383299555664,1.4492499999999993,236,0
full,0.025,-0.3,Pawn,1.5145518602265324,1.3028642837038835,2.186659861303399,232,0
full,0.025,-0.3,Bishop,0.26117125436508076,0.19202834317942627,1.327248389708565,232,1
full,0.025,-0.3,Queen,0.2917420453927163,0.24952323107406085,1.277999999999997,232,0
full,0.025,-0.25,Pawn,1.4869971669558961,1.277833621907234,2.1435510536327023,233,0
full,0.025,-0.25,Bishop,0.2517975616046193,0.19502628276895909,1.4575848082566552,232,1
full,0.025,-0.25,Queen,0.29715950852977024,0.26469642929860127,1.163713003679435,232,0
full,0.025,-0.2,Pawn,1.4578712446769808,1.2495129348467846,2.125468029123777,233,0
full,0.025,-0.2,Bishop,0.24306979476437132,0.20214348495401951,1.2042483897085674,233,1
full,0.025,-0.2,Queen,0.30580627977611,0.27976246356595075,1.0959999999999983,233,0
full,0.025,-0.15000000000000002,Pawn,1.430344714970951,1.2245588542922454,2.0980000000000008,234,0
full,0.025,-0.15000000000000002,Bishop,0.24339886663558055,0.210225446941548,1.3113348082566532,233,1
full,0.025,-0.15000000000000002,Queen,0.31875807517987326,0.2966254756832429,0.9817130036794364,233,0
full,0.025,-0.10000000000000003,Pawn,1.4011770526302758,1.1963591958089785,2.0904680291237767,234,0
full,0.025,-0.10000000000000003,Bishop,0.24643703371997783,0.22309463520552797,1.05799838970856,234,1
full,0.025,-0.10000000000000003,Queen,0.3348318624270745,0.31296860688404454,0.8480000000000008,234,0
full,0.025,-0.050000000000000044,Pawn,1.373714346909224,1.171550254912279,2.0608850000000007,235,0
full,0.025,-0.050000000000000044,Bishop,0.25647384607554896,0.2364886037454035,1.1293348082566599,234,1
full,0.025,-0.050000000000000044,Queen,0.3541143028818087,0.32975955484698927,0.8480000000000008,234,0
full,0.025,-5.551115123125783e-17,Pawn,1.3445407399968408,1.1434705949757487,2.050468029123774,235,0
full,0.025,-5.551115123125783e-17,Bishop,0.26800322359500295,0.2536010140260903,0.8759983897085615,235,1
full,0.025,-5.551115123125783e-17,Queen,0.37485893822010835,0.34607937876964456,0.9337543790720613,235,0
full,0.025,0.04999999999999993,Pawn,1.3171755684788844,1.1188044402728194,2.0258850000000006,236,0
full,0.025,0.04999999999999993,Bishop,0.2847468604183747,0.2701805444424661,0.881334808256657,235,1
full,0.025,0.04999999999999993,Queen,0.3985152072760702,0.36279887589019405,1.0959999999999983,235,0
full,0.025,0.09999999999999992,Pawn,1.2881180972288706,1.09084376194619,2.003468029123777,236,0
full,0.025,0.09999999999999992,Bishop,0.30016715570755864,0.28520647675354127,0.668475413967812,235,1
full,0.025,0.09999999999999992,Queen,0.4233263244320248,0.380270326738015,1.1157543790720599,236,0
full,0.025,0.1499999999999999,Pawn,1.2596928757969799,1.0643335551438913,1.985884999999998,236,0
full,0.025,0.1499999999999999,Bishop,0.3201010883401388,0.3023578265181426,0.7065709999999967,235,1
full,0.025,0.1499999999999999,Queen,0.4499710499041893,0.39924050099124986,1.277999999999997,236,0
full,0.025,0.1999999999999999,Pawn,1.2309089490626024,1.0365521473512627,1.949468029123775,236,0
full,0.025,0.1999999999999999,Bishop,0.3422291772833181,0.3191478307122464,0.814725413967814,234,1
full,0.025,0.1999999999999999,Queen,0.4772263758199996,0.4196453863229334,1.277999999999997,236,0
full,0.025,0.24999999999999983,Pawn,1.2025536194143522,1.0099020561213605,1.9388850000000009,236,0
full,0.025,0.24999999999999983,Bishop,0.368722801542648,0.3433744457230781,0.8528209999999987,234,1
full,0.025,0.24999999999999983,Queen,0.5051934703360689,0.44078334730251617,1.424249999999999,236,0
full,0.025,0.2999999999999999,Pawn,1.1738171873578493,0.9820181117077978,1.8874680291237773,236,0
full,0.025,0.2999999999999999,Bishop,0.39586638011962966,0.36431452367599915,0.9377254139678168,233,1
full,0.025,0.2999999999999999,Queen,0.5331973685589434,0.4626490107967215,1.424249999999999,236,0
full,0.05,-0.3,Pawn,1.5294623457091772,1.311242324251519,2.2116598613033993,232,0
full,0.05,-0.3,Bishop,0.24794274040368489,0.17613127814069635,1.3022483897085646,232,1
full,0.05,-0.3,Queen,0.27095282849920876,0.22495426555681922,1.2529999999999966,232,0
full,0.05,-0.25,Pawn,1.501890045474048,1.286095424482341,2.1685510536327026,233,0
full,0.05,-0.25,Bishop,0.23630752387895745,0.17636988835738768,1.4325848082566548,232,1
full,0.05,-0.25,Queen,0.27524353372192595,0.2399119465399803,1.1387130036794346,232,0
full,0.05,-0.2,Pawn,1.4727070839824457,1.257560145147214,2.1416598613033955,233,0
full,0.05,-0.2,Bishop,0.22508146304192778,0.18150726288437244,1.179248389708567,233,1
full,0.05,-0.2,Queen,0.28311544919379933,0.25476246356595045,1.070999999999998,233,0
full,0.05,-0.15000000000000002,Pawn,1.445161408357398,1.232464837198228,2.098551053632699,234,0
full,0.05,-0.15000000000000002,Bishop,0.2236053406873602,0.1881920287621059,1.2863348082566528,233,1
full,0.05,-0.15000000000000002,Queen,0.295635648574754,0.2716254756832426,0.956713003679436,233,0
full,0.05,-0.10000000000000003,Pawn,1.4159348522374753,1.204051503501286,2.0726598613034,234,0
full,0.05,-0.10000000000000003,Bishop,0.22500783370408783,0.2001972001025642,1.0329983897085597,234,1
full,0.05,-0.10000000000000003,Queen,0.3115909911280828,0.2879686068840442,0.8230000000000004,234,0
full,0.05,-0.050000000000000044,Pawn,1.3884508746840831,1.1791034464016406,2.0358850000000004,235,0
full,0.05,-0.050000000000000044,Bishop,0.23421627209773818,0.21275437208402137,1.1043348082566595,234,1
full,0.05,-0.050000000000000044,Queen,0.3309591542216648,0.304759554846989,0.8230000000000004,234,0
full,0.05,-5.551115123125783e-17,Pawn,1.3592158747468577,1.1508110205076636,2.0254680291237737,235,0
full,0.05,-5.551115123125783e-17,Bishop,0.2450440033268254,0.2292672729375349,0.8509983897085611,235,1
full,0.05,-5.551115123125783e-17,Queen,0.3519094409432981,0.3210793787696442,0.9087543790720609,235,0
full,0.05,0.04999999999999993,Pawn,1.331826648186966,1.1260078301033278,2.0008850000000002,236,0
full,0.05,0.04999999999999993,Bishop,0.26169870003571155,0.2458188423148062,0.8563348082566566,235,1
full,0.05,0.04999999999999993,Queen,0.3758981599260354,0.3377988758901938,1.070999999999998,235,0
full,0.05,0.09999999999999992,Pawn,1.3027035709386612,1.0978352873699189,1.9784680291237766,236,0
full,0.05,0.09999999999999992,Bishop,0.27683486061804646,0.26084477462588146,0.6434754139678116,235,1
full,0.05,0.09999999999999992,Queen,0.4010927291519435,0.3554821911447944,1.0907543790720595,236,0
full,0.05,0.1499999999999999,Pawn,1.274197107236673,1.0711132161608405,1.9608849999999975,236,0
full,0.05,0.1499999999999999,Bishop,0.2969621605819919,0.27820889034792956,0.6815709999999964,235,1
full,0.05,0.1499999999999999,Queen,0.4281491721160003,0.37480103672836357,1.2529999999999966,236,0
full,0.05,0.1999999999999999,Pawn,1.2453416757102551,1.0431199439614323,1.9244680291237746,236,0
full,0.05,0.1999999999999999,Bishop,0.3193781982926279,0.2956434744892748,0.7897254139678136,234,1
full,0.05,0.1999999999999999,Queen,0.4557996389602222,0.3954928439500518,1.2529999999999966,236,0
full,0.05,0.24999999999999983,Pawn,1.2169015135155181,1.0162579883247504,1.9138850000000005,236,0
full,0.05,0.24999999999999983,Bishop,0.34644909577568256,0.32023524828227834,0.8278209999999984,234,1
full,0.05,0.24999999999999983,Queen,0.4841527155307101,0.41705453374319396,1.3992499999999986,236,0
full,0.05,0.2999999999999999,Pawn,1.1880886421164731,0.9881621795044081,1.862468029123777,236,0
full,0.05,0.2999999999999999,Bishop,0.37407543587412173,0.34141754179008843,0.9127254139678165,233,1
full,0.05,0.2999999999999999,Queen,0.5125045536932974,0.43934392605095857,1.3992499999999986,236,0
full,0.07500000000000001,-0.3,Pawn,1.5446335476639064,1.3198422919686883,2.236659861303398,232,0
full,0.07500000000000001,-0.3,Bishop,0.23662371168407595,0.16529793998850456,1.277248389708566,232,1
full,0.07500000000000001,-0.3,Queen,0.25093315742148986,0.2004444105512038,1.227999999999998,232,0
full,0.07500000000000001,-0.25,Pawn,1.5170487279099556,1.294357227057448,2.193551053632701,233,0
full,0.07500000000000001,-0.25,Bishop,0.22255444199920246,0.15930369764697144,1.4075848082566562,232,1
full,0.07500000000000001,-0.25,Queen,0.25389807443502227,0.21512746378136088,1.113713003679436,232,0
full,0.07500000000000001,-0.2,Pawn,1.4878150907851906,1.2658013147196745,2.166659861303394,233,0
full,0.07500000000000001,-0.2,Bishop,0.20854353234611758,0.16223330285978138,1.1542483897085685,233,1
full,0.07500000000000001,-0.2,Queen,0.26084714756713345,0.2297624635659517,1.0459999999999994,233,0
full,0.07500000000000001,-0.15000000000000002,Pawn,1.4602557956624391,1.2404668115572024,2.1235510536326974,234,0
full,0.07500000000000001,-0.15000000000000002,Bishop,0.20495289333975297,0.1669818297861586,1.2613348082566542,233,1
full,0.07500000000000001,-0.15000000000000002,Queen,0.2728445764974154,0.24662547568324383,0.9317130036794374,233,0
full,0.07500000000000001,-0.10000000000000003,Pawn,1.4309772460608354,1.212032933032839,2.0976598613033985,234,0
full,0.07500000000000001,-0.10000000000000003,Bishop,0.20439138648121127,0.17761234322018113,1.0079983897085611,234,1
full,0.07500000000000001,-0.10000000000000003,Queen,0.2886442713929716,0.26296860688404544,0.7980000000000018,234,0
full,0.07500000000000001,-0.050000000000000044,Pawn,1.4034780211737388,1.1867522208697254,2.054551053632702,235,0
full,0.07500000000000001,-0.050000000000000044,Bishop,0.2125692605009943,0.18932376603326637,1.079334808256661,234,1
full,0.07500000000000001,-0.050000000000000044,Queen,0.30809249263941985,0.2797595548469902,0.7980000000000018,234,0
full,0.07500000000000001,-5.551115123125783e-17,Pawn,1.3741891379342495,1.1584393375731246,2.0296598613033936,235,0
full,0.07500000000000001,-5.551115123125783e-17,Bishop,0.2225250531413527,0.20520060765958462,0.8259983897085625,235,1
full,0.07500000000000001,-5.551115123125783e-17,Queen,0.3292586911328889,0.2960793787696455,0.8837543790720623,235,0
full,0.07500000000000001,0.04999999999999993,Pawn,1.3467824484467352,1.1333063978999378,1.986551053632697,236,0
full,0.07500000000000001,0.04999999999999993,Bishop,0.23904318581093645,0.22145714018714785,0.8313348082566581,235,1
full,0.07500000000000001,0.04999999999999993,Queen,0.3536021533323439,0.31279887589019506,1.0459999999999994,235,0
full,0.07500000000000001,0.09999999999999992,Pawn,1.31760197141024,1.1051134844478145,1.9606598613033945,236,0
full,0.07500000000000001,0.09999999999999992,Bishop,0.2538203276754273,0.23648307249822306,0.618475413967813,235,1
full,0.07500000000000001,0.09999999999999992,Queen,0.37920387366162506,0.33069405555157516,1.065754379072061,236,0
full,0.07500000000000001,0.1499999999999999,Pawn,1.2890230389123944,1.0779880551438912,1.935884999999999,236,0
full,0.07500000000000001,0.1499999999999999,Bishop,0.2741502195485329,0.25409146516563813,0.6565709999999978,235,1
full,0.07500000000000001,0.1499999999999999,Queen,0.4066933505915183,0.3504366299487038,1.227999999999998,236,0
full,0.07500000000000001,0.1999999999999999,Pawn,1.260105129598023,1.0499744122257684,1.899468029123776,236,0
full,0.07500000000000001,0.1999999999999999,Bishop,0.29687380703806504,0.27240863631263784,0.764725413967815,234,1
full,0.07500000000000001,0.1999999999999999,Queen,0.43475465261943713,0.37159794755237535,1.227999999999998,236,0
full,0.07500000000000001,0.24999999999999983,Pawn,1.2315897773309739,1.0227090984942415,1.888885000000002,236,0
full,0.07500000000000001,0.24999999999999983,Bishop,0.32457271535068666,0.29732957306860425,0.8028209999999998,234,1
full,0.07500000000000001,0.24999999999999983,Queen,0.4635054060540418,0.3934752799002836,1.37425,236,0
full,0.07500000000000001,0.2999999999999999,Pawn,1.2027104612979949,0.9945929189551851,1.8374680291237784,236,0
full,0.07500000000000001,0.2999999999999999,Bishop,0.352710465594388,0.3187354473694886,0.8877254139678179,233,1
full,0.07500000000000001,0.2999999999999999,Queen,0.49221174434845766,0.4161976101360019,1.37425,236,0
full,0.1,-0.3,Pawn,1.5600578598870474,1.3284629816238607,2.2616598613033982,232,0
full,0.1,-0.3,Bishop,0.2274993611934065,0.15781682465842867,1.2522483897085657,232,1
full,0.1,-0.3,Queen,0.23188243511597445,0.17622555387495098,1.2029999999999976,232,0
full,0.1,-0.25,Pawn,1.5324653265285948,1.3026575484953966,2.2185510536327016,233,0
full,0.1,-0.25,Bishop,0.21087843290708588,0.14637019262013518,1.3825848082566559,232,1
full,0.1,-0.25,Queen,0.23327979241222438,0.19034298102273992,1.0887130036794357,232,0
full,0.1,-0.2,Pawn,1.5031870587269613,1.2742764452220412,2.1916598613033944,233,0
full,0.1,-0.2,Bishop,0.19382761609661636,0.14449756168612013,1.1292483897085681,233,1
full,0.1,-0.2,Queen,0.2391194496807237,0.2048675761919423,1.020999999999999,233,0
full,0.1,-0.15000000000000002,Pawn,1.4756193551610626,1.248624823929177,2.1485510536326977,234,0
full,0.1,-0.15000000000000002,Bishop,0.18778186438727637,0.14677264202350335,1.2363348082566539,233,1
full,0.1,-0.15000000000000002,Queen,0.2504753264093923,0.2216254756832436,0.9067130036794371,233,0
full,0.1,-0.10000000000000003,Pawn,1.446295354243713,1.2201525911524973,2.122659861303399,234,0
full,0.1,-0.10000000000000003,Bishop,0.1848598185307365,0.1555226986986769,0.9829983897085608,234,1
full,0.1,-0.10000000000000003,Queen,0.26606782042136745,0.23796860688404523,0.7730000000000015,234,0
full,0.1,-0.050000000000000044,Pawn,1.4187865521016587,1.194556369359266,2.079551053632702,235,0
full,0.1,-0.050000000000000044,Bishop,0.19173971655480482,0.16636365451950577,1.0543348082566606,234,1
full,0.1,-0.050000000000000044,Queen,0.285583623967519,0.25475955484699,0.7730000000000015,234,0
full,0.1,-5.551115123125783e-17,Pawn,1.389450891348481,1.166205295019933,2.054659861303394,235,0
full,0.1,-5.551115123125783e-17,Bishop,0.20059470328173148,0.18146990173158048,0.8009983897085622,235,1
full,0.1,-5.551115123125783e-17,Queen,0.30697282737737674,0.2710793787696453,0.858754379072062,235,0
full,0.1,0.04999999999999993,Pawn,1.362032931344701,1.140759681353506,2.0115510536326973,236,0
full,0.1,0.04999999999999993,Bishop,0.21690338808995543,0.19709543805948807,0.8063348082566577,235,1
full,0.1,0.04999999999999993,Queen,0.3316919339488986,0.28779887589019476,1.020999999999999,235,0
full,0.1,0.09999999999999992,Pawn,1.3328028047659433,1.1125287386851028,1.985659861303395,236,0
full,0.1,0.09999999999999992,Bishop,0.2312184625610782,0.2121930971515112,0.5934754139678127,235,1
full,0.1,0.09999999999999992,Queen,0.3577230468133247,0.3059059199583546,1.0407543790720606,236,0
full,0.1,0.1499999999999999,Pawn,1.3041596994247233,1.0850176097838995,1.9425510536327018,236,0
full,0.1,0.1499999999999999,Bishop,0.2517541676705514,0.23022246942095706,0.6315709999999974,235,1
full,0.1,0.1499999999999999,Queen,0.38566468498825973,0.32607222316904244,1.2029999999999976,236,0
full,0.1,0.1999999999999999,Pawn,1.2751878238195644,1.056965937649497,1.9166598613033994,236,0
full,0.1,0.1999999999999999,Bishop,0.27480116642020036,0.24943987280807994,0.7397254139678147,234,1
full,0.1,0.1999999999999999,Queen,0.41414961677179524,0.3479287572749583,1.2029999999999976,236,0
full,0.1,0.24999999999999983,Pawn,1.246606379598612,1.029314924320691,1.8735510536327027,236,0
full,0.1,0.24999999999999983,Bishop,0.3031796812724211,0.27446632520535613,0.7778209999999994,234,1
full,0.1,0.24999999999999983,Queen,0.44330652028464707,0.37002716611029896,1.3492499999999996,236,0
full,0.1,0.2999999999999999,Pawn,1.2176700234074536,1.0011607155653546,1.848659861303398,236,0
full,0.1,0.2999999999999999,Bishop,0.33185375296236286,0.29614092529904135,0.8627254139678175,233,1
full,0.1,0.2999999999999999,Queen,0.47237049547228893,0.3935560926334042,1.3492499999999996,236,0
full,0.125,-0.3,Pawn,1.5757278495418945,1.3370836712790337,2.2866598613033986,232,0
full,0.125,-0.3,Bishop,0.22084188406112495,0.15293013352540105,1.2272483897085653,232,0
full,0.125,-0.3,Queen,0.2140595196133776,0.15304565478436444,1.1779999999999973,232,1
full,0.125,-0.25,Pawn,1.5481321362117548,1.3111918257321038,2.243551053632702,233,0
full,0.125,-0.25,Bishop,0.20164063895237067,0.1374416333880268,1.3575848082566555,232,1
full,0.125,-0.25,Queen,0.21359937006922305,0.16555849826411884,1.0637130036794353,232,0
full,0.125,-0.2,Pawn,1.518814973155151,1.2827528400718264,2.2166598613033948,233,0
full,0.125,-0.2,Bishop,0.18137774019983374,0.12929727491682688,1.1042483897085678,233,1
full,0.125,-0.2,Queen,0.21809398899858393,0.18008216846662006,0.9959999999999987,233,0
full,0.125,-0.15000000000000002,Pawn,1.4912437674257544,1.2569581572625101,2.173551053632698,234,0
full,0.125,-0.15000000000000002,Bishop,0.1725351230827704,0.12834040402640928,1.2113348082566535,233,1
full,0.125,-0.15000000000000002,Queen,0.22865173376934908,0.1966254756832432,0.8817130036794367,233,0
full,0.125,-0.10000000000000003,Pawn,1.4618805097100247,1.2283564604134007,2.1476598613033993,234,0
full,0.125,-0.10000000000000003,Bishop,0.1667946826092539,0.13447495572482465,0.9579983897085604,234,1
full,0.125,-0.10000000000000003,Queen,0.24396445380336584,0.21296860688404484,0.7480000000000011,234,0
full,0.125,-0.050000000000000044,Pawn,1.43436745812615,1.2027157821252235,2.1045510536327026,235,0
full,0.125,-0.050000000000000044,Bishop,0.17202484500529044,0.14394516132779855,1.0293348082566602,234,1
full,0.125,-0.050000000000000044,Queen,0.2635242465809772,0.22975955484698962,0.7480000000000011,234,0
full,0.125,-5.551115123125783e-17,Pawn,1.404991733826823,1.1741519418284438,2.0796598613033943,235,0
full,0.125,-5.551115123125783e-17,Bishop,0.1794688571697327,0.15824942398429828,0.7759983897085618,235,1
full,0.125,-5.551115123125783e-17,Queen,0.28513741916763274,0.24607937876964486,0.8337543790720616,235,0
full,0.125,0.04999999999999993,Pawn,1.3775683099907226,1.1485667237263872,2.0365510536326976,236,0
full,0.125,0.04999999999999993,Bishop,0.19545463628975834,0.17329867797301726,0.7813348082566574,235,1
full,0.125,0.04999999999999993,Queen,0.3102492469809566,0.26279887589019435,0.9959999999999987,235,0
full,0.125,0.09999999999999992,Pawn,1.3482958420612958,1.1201239166512047,2.0106598613033952,236,0
full,0.125,0.09999999999999992,Bishop,0.20916308497666627,0.18811101931238194,0.5684754139678123,235,1
full,0.125,0.09999999999999992,Queen,0.33672834546980807,0.28134159641130546,1.0157543790720602,236,0
full,0.125,0.1499999999999999,Pawn,1.3195963960091075,1.092400923343222,1.967551053632702,236,0
full,0.125,0.1499999999999999,Bishop,0.2298955828207133,0.20688518984075416,0.6065709999999971,235,1
full,0.125,0.1499999999999999,Queen,0.3651369839920788,0.30170781638938116,1.1779999999999973,236,0
full,0.125,0.1999999999999999,Pawn,1.2905785657588236,1.0641373868020396,1.9416598613033997,236,0
full,0.125,0.1999999999999999,Bishop,0.25327318220950873,0.22664376899527927,0.7147254139678143,234,1
full,0.125,0.1999999999999999,Queen,0.3940535524141385,0.3244118081224156,1.1779999999999973,236,0
full,0.125,0.24999999999999983,Pawn,1.2619395990639803,1.0362745090664538,1.898551053632703,236,0
full,0.125,0.24999999999999983,Bishop,0.2823798695423876,0.25160307734210796,0.7528209999999991,234,1
full,0.125,0.24999999999999983,Queen,0.42362020774798076,0.34690519322894753,1.3242499999999993,236,0
full,0.125,0.2999999999999999,Pawn,1.2329550349037803,1.0079084359043375,1.8736598613033983,236,0
full,0.125,0.2999999999999999,Bishop,0.31160737181684245,0.27378346481751625,0.8377254139678172,233,1
full,0.125,0.2999999999999999,Queen,0.4530401402866196,0.3710996773791666,1.3242499999999993,236,0
full,0.15000000000000002,-0.3,Pawn,1.5916362604089205,1.3459241297643367,2.311659861303399,232,0
full,0.15000000000000002,-0.3,Bishop,0.21687857470927538,0.14878275769507743,1.202248389708565,232,0
full,0.15000000000000002,-0.3,Queen,0.19779659289003418,0.1319773849765787,1.152999999999997,232,1
full,0.15000000000000002,-0.25,Pawn,1.5640416379785897,1.3198828128565674,2.2685510536327023,233,0
full,0.15000000000000002,-0.25,Bishop,0.19518755362187495,0.13210912099284644,1.3325848082566552,232,0
full,0.15000000000000002,-0.25,Queen,0.19514077031734636,0.1412263471105483,1.038713003679435,232,1
full,0.15000000000000002,-0.2,Pawn,1.534691015102503,1.2913269017395963,2.241659861303395,233,0
full,0.15000000000000002,-0.2,Bishop,0.17168757822946748,0.11890548888991673,1.0792483897085674,233,1
full,0.15000000000000002,-0.2,Queen,0.19799460815642633,0.1552967607412978,0.9709999999999983,233,0
full,0.15000000000000002,-0.15000000000000002,Pawn,1.5071209196499016,1.2652914905958437,2.1985510536326984,234,0
full,0.15000000000000002,-0.15000000000000002,Bishop,0.15976454175320642,0.11183867351072001,1.1863348082566532,233,1
full,0.15000000000000002,-0.15000000000000002,Queen,0.20754599868840404,0.17162547568324282,0.8567130036794364,233,0
full,0.15000000000000002,-0.10000000000000003,Pawn,1.4777242630589564,1.2367870431851544,2.1726598613033996,234,0
full,0.15000000000000002,-0.10000000000000003,Bishop,0.15072418447690042,0.1152184427110818,0.9329983897085601,234,1
full,0.15000000000000002,-0.10000000000000003,Queen,0.2224752219357748,0.18796860688404451,0.7230000000000008,234,0
full,0.15000000000000002,-0.050000000000000044,Pawn,1.450211960176178,1.2109072714869258,2.129551053632703,235,0
full,0.15000000000000002,-0.050000000000000044,Bishop,0.15385374774009095,0.12221051910936934,1.0043348082566599,234,1
full,0.15000000000000002,-0.050000000000000044,Queen,0.2420372921549942,0.20475955484698924,0.7230000000000008,234,0
full,0.15000000000000002,-5.551115123125783e-17,Pawn,1.4208025073085684,1.1822275008437217,2.1046598613033947,235,0
full,0.15000000000000002,-5.551115123125783e-17,Bishop,0.15946757163427921,0.13547475478443627,0.7509983897085615,235,1
full,0.15000000000000002,-5.551115123125783e-17,Queen,0.2638643190563967,0.22107937876964454,0.8087543790720613,235,0
full,0.15000000000000002,0.04999999999999993,Pawn,1.3933790551439877,1.1565008847433365,2.061551053632698,236,0
full,0.15000000000000002,0.04999999999999993,Bishop,0.1749512787304559,0.1500052588848783,0.756334808256657,235,1
full,0.15000000000000002,0.04999999999999993,Queen,0.2893780424595839,0.23792046734824138,0.9709999999999983,235,0
full,0.15000000000000002,0.09999999999999992,Pawn,1.3640711268286534,1.1279426385520108,2.0356598613033956,236,0
full,0.15000000000000002,0.09999999999999992,Bishop,0.18784678545240946,0.1646038278024945,0.543475413967812,235,1
full,0.15000000000000002,0.09999999999999992,Queen,0.31631658044475125,0.2569771896316441,0.9907543790720599,236,0
full,0.15000000000000002,0.1499999999999999,Pawn,1.3353227232084632,1.0999113555466118,1.9925510536327025,236,0
full,0.15000000000000002,0.1499999999999999,Bishop,0.2087433760900182,0.18392166643649854,0.5815709999999967,235,1
full,0.15000000000000002,0.1499999999999999,Queen,0.34519963051916736,0.27796768034777775,1.152999999999997,236,0
full,0.15000000000000002,0.1999999999999999,Pawn,1.3062664669869346,1.071532379889287,1.9666598613034,236,0
full,0.15000000000000002,0.1999999999999999,Bishop,0.2324412368474221,0.20411629890980884,0.689725413967814,234,1
full,0.15000000000000002,0.1999999999999999,Queen,0.3745483937599781,0.30113556377325007,1.152999999999997,236,0
full,0.15000000000000002,0.24999999999999983,Pawn,1.2775780358614346,1.0433612124562843,1.9235510536327034,236,0
full,0.15000000000000002,0.24999999999999983,Bishop,0.2623144340464414,0.22903693986279441,0.7278209999999987,234,1
full,0.15000000000000002,0.24999999999999983,Queen,0.4045213095721937,0.32456864235030797,1.299249999999999,236,0
full,0.15000000000000002,0.2999999999999999,Pawn,1.248553543218734,1.0148797001780256,1.8986598613033987,236,0
full,0.15000000000000002,0.2999999999999999,Bishop,0.29209826255216725,0.2517080485085031,0.8127254139678168,233,1
full,0.15000000000000002,0.2999999999999999,Queen,0.4342889043357016,0.3490270358421571,1.299249999999999,236,0
full,0.17500000000000002,-0.3,Pawn,1.6077760152070504,1.3549758539022678,2.3366598613033993,232,0
full,0.17500000000000002,-0.3,Bishop,0.21575795368928152,0.14540056706674825,1.1772483897085646,232,0
full,0.17500000000000002,-0.3,Queen,0.18350887275742792,0.11464096493616702,1.1279999999999966,232,1
full,0.17500000000000002,-0.25,Pawn,1.5801865014895957,1.328573799981031,2.2935510536327026,233,0
full,0.17500000000000002,-0.25,Bishop,0.19180045594488138,0.12814195870166348,1.3075848082566548,232,0
full,0.17500000000000002,-0.25,Queen,0.17828390164601457,0.11883414033705272,1.0137130036794346,232,1
full,0.17500000000000002,-0.2,Pawn,1.5508075641395422,1.3000178888640601,2.2666598613033955,233,0
full,0.17500000000000002,-0.2,Bishop,0.16524334902379795,0.11219897665667618,1.054248389708567,233,1
full,0.17500000000000002,-0.2,Queen,0.1791333070110614,0.13078095584093455,0.945999999999998,233,0
full,0.17500000000000002,-0.15000000000000002,Pawn,1.5232429087333947,1.273767929040941,2.223551053632699,234,0
full,0.17500000000000002,-0.15000000000000002,Bishop,0.15010346067308844,0.0999161216823826,1.1613348082566528,233,1
full,0.17500000000000002,-0.15000000000000002,Queen,0.18740082120258914,0.14662547568324258,0.831713003679436,233,0
full,0.17500000000000002,-0.10000000000000003,Pawn,1.4938183860818657,1.2453340517321627,2.1976598613034,234,0
full,0.17500000000000002,-0.10000000000000003,Bishop,0.13735025819317467,0.09777564169846514,0.9079983897085597,234,1
full,0.17500000000000002,-0.10000000000000003,Queen,0.20179641729022327,0.1629686068840442,0.6980000000000004,234,0
full,0.17500000000000002,-0.050000000000000044,Pawn,1.4663115132688525,1.2190987608486277,2.1545510536327033,235,0
full,0.17500000000000002,-0.050000000000000044,Bishop,0.1378383259048402,0.10182732443837623,0.9793348082566595,234,1
full,0.17500000000000002,-0.050000000000000044,Queen,0.22128956832931018,0.17975955484698897,0.6980000000000004,234,0
full,0.17500000000000002,-5.551115123125783e-17,Pawn,1.4368743011923235,1.1906305025758555,2.129659861303395,235,0
full,0.17500000000000002,-5.551115123125783e-17,Bishop,0.1410699901185866,0.11340920467675884,0.7259983897085611,235,1
full,0.17500000000000002,-5.551115123125783e-17,Queen,0.2433010684987091,0.19607937876964424,0.7837543790720609,235,0
full,0.17500000000000002,0.04999999999999993,Pawn,1.4094558999618287,1.1645517322009635,2.0865510536326983,236,0
full,0.17500000000000002,0.04999999999999993,Bishop,0.15576708577771395,0.12715145482731033,0.7313348082566566,235,1
full,0.17500000000000002,0.04999999999999993,Queen,0.2692112695695165,0.2131332333056879,0.945999999999998,235,0
full,0.17500000000000002,0.09999999999999992,Pawn,1.380118980514146,1.1359934860096383,2.060659861303396,236,0
full,0.17500000000000002,0.09999999999999992,Bishop,0.16755188298748264,0.1418930869738366,0.5184754139678116,235,1
full,0.17500000000000002,0.09999999999999992,Queen,0.2966081244431569,0.2326127828519829,0.9657543790720595,236,0
full,0.17500000000000002,0.1499999999999999,Pawn,1.351328569176833,1.1076082284279676,2.017551053632703,236,0
full,0.17500000000000002,0.1499999999999999,Bishop,0.1885354479201251,0.1610493260109664,0.5565709999999964,235,1
full,0.17500000000000002,0.1499999999999999,Queen,0.3259609681270255,0.2545515620980863,1.1279999999999966,236,0
full,0.17500000000000002,0.1999999999999999,Pawn,1.3222409504900967,1.0792292527706429,1.9916598613034004,236,0
full,0.17500000000000002,0.1999999999999999,Bishop,0.21251012293015084,0.18176790727556003,0.6647254139678136,234,1
full,0.17500000000000002,0.1999999999999999,Queen,0.3557313542072965,0.27856897757991345,1.1279999999999966,236,0
full,0.17500000000000002,0.24999999999999983,Pawn,1.2935106198811674,1.0506343565240808,1.9485510536327038,236,0
full,0.17500000000000002,0.24999999999999983,Bishop,0.24316523989960806,0.2066010424268967,0.7028209999999984,234,1
full,0.17500000000000002,0.24999999999999983,Queen,0.38609700773712663,0.3025804008628682,1.2742499999999986,236,0
full,0.17500000000000002,0.2999999999999999,Pawn,1.264453946363223,1.0221528442458223,1.923659861303399,236,0
full,0.17500000000000002,0.2999999999999999,Bishop,0.27348425146869043,0.22989750258575606,0.7877254139678165,233,1
full,0.17500000000000002,0.2999999999999999,Queen,0.41619506982578314,0.3271674680455468,1.2742499999999986,236,0
full,0.2,-0.3,Pawn,1.6241402170692123,1.3645995176953707,2.361659861303398,232,0
full,0.2,-0.3,Bishop,0.21752395958249168,0.14304588595562484,1.152248389708566,232,0
full,0.2,-0.3,Queen,0.1716901878457186,0.10169936271184635,1.102999999999998,232,1
full,0.2,-0.25,Pawn,1.5965595866265385,1.3380412677921891,2.318551053632701,233,0
full,0.2,-0.25,Bishop,0.1916419805586354,0.12485828881771488,1.2825848082566562,232,0
full,0.2,-0.25,Queen,0.1635248572303447,0.10039108656312701,0.988713003679436,232,1
full,0.2,-0.2,Pawn,1.5671572002031213,1.3094853566752183,2.291659861303394,233,0
full,0.2,-0.2,Bishop,0.16243184501476884,0.10802545934786219,1.0292483897085685,233,0
full,0.2,-0.2,Queen,0.16194325704524393,0.10781721205963696,0.9209999999999994,233,1
full,0.2,-0.15000000000000002,Pawn,1.539602043245844,1.2828819888700003,2.2485510536326974,234,0
full,0.2,-0.15000000000000002,Bishop,0.14417832364978733,0.09187503856881764,1.1363348082566542,233,1
full,0.2,-0.15000000000000002,Queen,0.16856095041035746,0.12165841126182389,0.8067130036794374,233,0
full,0.2,-0.10000000000000003,Pawn,1.5101548740309123,1.2544481115612225,2.2226598613033985,234,0
full,0.2,-0.10000000000000003,Bishop,0.1275241430680358,0.08365719223982558,0.8829983897085611,234,1
full,0.2,-0.10000000000000003,Queen,0.1822041813103313,0.13796860688404547,0.6730000000000018,234,0
full,0.2,-0.050000000000000044,Pawn,1.482657808953755,1.2279122782790646,2.179551053632702,235,0
full,0.2,-0.050000000000000044,Bishop,0.12481118733040915,0.0834773024842861,0.954334808256661,234,1
full,0.2,-0.050000000000000044,Queen,0.20150954148383002,0.15475955484699025,0.6730000000000018,234,0
full,0.2,-5.551115123125783e-17,Pawn,1.4531984551600439,1.1995993961928766,2.1546598613033936,235,0
full,0.2,-5.551115123125783e-17,Bishop,0.12498631053512395,0.09245570776189083,0.7009983897085625,235,1
full,0.2,-5.551115123125783e-17,Queen,0.22364355790885593,0.1710793787696455,0.7587543790720623,235,0
full,0.2,0.04999999999999993,Pawn,1.4257898430555824,1.173164825421302,2.111551053632697,236,0
full,0.2,0.04999999999999993,Bishop,0.13845150809558537,0.10518153404827282,0.7063348082566581,235,1
full,0.2,0.04999999999999993,Queen,0.24991951478170268,0.18834599926313594,0.9209999999999994,235,0
full,0.2,0.09999999999999992,Pawn,1.396430006016491,1.144791771632737,2.0856598613033945,236,0
full,0.2,0.09999999999999992,Bishop,0.14869718282636984,0.12007200592605743,0.493475413967813,235,1
full,0.2,0.09999999999999992,Queen,0.2777527315925342,0.20855635160541713,0.9407543790720609,236,0
full,0.2,0.1499999999999999,Pawn,1.3676041198497997,1.1160094572415267,2.0425510536327014,236,0
full,0.2,0.1499999999999999,Bishop,0.16960964944078497,0.13827222126743627,0.5714282161900588,235,1
full,0.2,0.1499999999999999,Queen,0.30755214285393395,0.231901568647091,1.102999999999998,236,0
full,0.2,0.1999999999999999,Pawn,1.3384917554962295,1.087630481584202,2.016659861303399,236,0
full,0.2,0.1999999999999999,Bishop,0.193758034951887,0.1595774286430825,0.639725413967815,234,1
full,0.2,0.1999999999999999,Queen,0.3377174758050511,0.2565362851954478,1.102999999999998,236,0
full,0.2,0.24999999999999983,Pawn,1.3097266164261763,1.0586964412698432,1.9735510536327023,236,0
full,0.2,0.24999999999999983,Bishop,0.22516617304063113,0.18448219624048667,0.6778209999999998,234,1
full,0.2,0.24999999999999983,Queen,0.36844851590028677,0.2809242228967675,1.24925,236,0
full,0.2,0.2999999999999999,Pawn,1.2806449994682365,1.030402344245822,1.9486598613033976,236,0
full,0.2,0.2999999999999999,Bishop,0.25596069349957906,0.20850796237947505,0.7880953999999925,233,1
full,0.2,0.2999999999999999,Queen,0.398848116286731,0.3056743828128725,1.24925,236,0
full,0.225,-0.3,Pawn,1.6407221502521985,1.3743799627869278,2.3866598613033982,232,0
full,0.225,-0.3,Bishop,0.22210774728654756,0.14195916035849077,1.129285965333791,232,0
full,0.225,-0.3,Queen,0.16287889619067927,0.09196291397748195,1.0779999999999976,232,1
full,0.225,-0.25,Pawn,1.6131539442372764,1.3479070035194287,2.3435510536327016,233,0
full,0.225,-0.25,Bishop,0.1947200105900994,0.12285326419046251,1.2575848082566559,232,0
full,0.225,-0.25,Queen,0.15147807854037187,0.08690441418094892,0.9637130036794357,232,1
full,0.225,-0.2,Pawn,1.5837327045005276,1.3190347128983944,2.3166598613033944,233,0
full,0.225,-0.2,Bishop,0.16344064412869602,0.10473269338835003,1.0042483897085681,233,0
full,0.225,-0.2,Queen,0.14701188837683946,0.08808427075822614,0.895999999999999,233,1
full,0.225,-0.15000000000000002,Pawn,1.5561908443783445,1.2925056915385762,2.2735510536326977,234,0
full,0.225,-0.15000000000000002,Bishop,0.14245606029540542,0.08731527036007099,1.1113348082566539,233,1
full,0.225,-0.15000000000000002,Queen,0.151514092476841,0.09802164074932304,0.7817130036794371,233,0
full,0.225,-0.10000000000000003,Pawn,1.5267259467639946,1.2637567867748976,2.247659861303399,234,0
full,0.225,-0.10000000000000003,Bishop,0.12210536722332019,0.07403042017736758,0.8579983897085608,234,1
full,0.225,-0.10000000000000003,Queen,0.16408818770029043,0.11313135201219635,0.6480000000000015,234,0
full,0.225,-0.050000000000000044,Pawn,1.4992427765236387,1.2372685183830936,2.204551053632702,235,0
full,0.225,-0.050000000000000044,Bishop,0.11578540874136027,0.06758721230823782,0.9293348082566606,234,1
full,0.225,-0.050000000000000044,Queen,0.18301124983637979,0.12975955484698995,0.6480000000000015,234,0
full,0.225,-5.551115123125783e-17,Pawn,1.4697665606252412,1.2086419493843659,2.179659861303394,235,0
full,0.225,-5.551115123125783e-17,Bishop,0.11221592369314862,0.07318002160181118,0.6759983897085622,235,1
full,0.225,-5.551115123125783e-17,Queen,0.2051523142829479,0.1460793787696452,0.733754379072062,235,0
full,0.225,0.04999999999999993,Pawn,1.4423721500305389,1.1821953466950288,2.1365510536326973,236,0
full,0.225,0.04999999999999993,Bishop,0.12379117567985992,0.08458011531348208,0.6813348082566577,235,1
full,0.225,0.04999999999999993,Queen,0.2317214277407505,0.16371231482616913,0.895999999999999,235,0
full,0.225,0.09999999999999992,Pawn,1.4129950895282795,1.153690076717483,2.110659861303395,236,0
full,0.225,0.09999999999999992,Bishop,0.13190174702537627,0.09874941604751084,0.46847541396781267,235,1
full,0.225,0.09999999999999992,Queen,0.2599361081661045,0.18539645648564837,0.9157543790720606,236,0
full,0.225,0.1499999999999999,Pawn,1.3841398612086806,1.1247963912434196,2.0675510536327018,236,0
full,0.225,0.1499999999999999,Bishop,0.15244425618700555,0.11649167221183068,0.5964282161900591,235,1
full,0.225,0.1499999999999999,Queen,0.2901311572475191,0.21010975936304105,1.0779999999999976,236,0
full,0.225,0.1999999999999999,Pawn,1.3550089401586263,1.096305080766623,2.0416598613033994,236,0
full,0.225,0.1999999999999999,Bishop,0.1765610372337145,0.1377524368992202,0.6147254139678147,234,1
full,0.225,0.1999999999999999,Queen,0.320642153439177,0.23498539487802653,1.0779999999999976,236,0
full,0.225,0.24999999999999983,Pawn,1.3262156294528282,1.0674317631473063,1.9985510536327027,236,0
full,0.225,0.24999999999999983,Bishop,0.20861514103269813,0.16288787403617513,0.6528209999999994,234,1
full,0.225,0.24999999999999983,Queen,0.3516926475698406,0.2597325474282682,1.2242499999999996,236,0
full,0.225,0.2999999999999999,Pawn,1.297115818596193,1.0389265196994295,1.973659861303398,236,0
full,0.225,0.2999999999999999,Bishop,0.23976679801878428,0.18763620351305016,0.8130953999999928,233,1
full,0.225,0.2999999999999999,Queen,0.3823497137224742,0.2846214167111774,1.2242499999999996,236,0
full,0.25,-0.3,Pawn,1.65751528015725,1.3843255300546509,2.4116598613033986,232,0
full,0.25,-0.3,Bishop,0.22934042342544914,0.14234463937379885,1.1542859653337914,232,0
full,0.25,-0.3,Queen,0.15758029396498174,0.0839217442031065,1.0529999999999973,232,1
full,0.25,-0.25,Pawn,1.629962816130313,1.357885544291961,2.368551053632702,233,0
full,0.25,-0.25,Bishop,0.2008858291069345,0.12229578656922557,1.2325848082566555,232,0
full,0.25,-0.25,Queen,0.14283150081253626,0.07706908091503463,0.9387130036794353,232,1
full,0.25,-0.2,Pawn,1.6005270595840058,1.3286157069160411,2.3416598613033948,233,0
full,0.25,-0.2,Bishop,0.16820102268269427,0.10284735000799491,0.9792483897085678,233,0
full,0.25,-0.2,Queen,0.13509023704852507,0.07306315470604086,0.8709999999999987,233,1
full,0.25,-0.15000000000000002,Pawn,1.5730020459895124,1.3023347513676362,2.298551053632698,234,0
full,0.25,-0.15000000000000002,Bishop,0.14508641983078066,0.08464829173649195,1.0863348082566535,233,0
full,0.25,-0.15000000000000002,Queen,0.13693153922642695,0.07757502859310911,0.7567130036794367,233,1
full,0.25,-0.10000000000000003,Pawn,1.54352404888473,1.273189998766828,2.2726598613033993,234,0
full,0.25,-0.10000000000000003,Bishop,0.12168415814824417,0.06854976128005648,0.8329983897085604,234,1
full,0.25,-0.10000000000000003,Queen,0.14799156394390667,0.08964015804594454,0.6230000000000011,234,0
full,0.25,-0.050000000000000044,Pawn,1.5160585831243691,1.2468311992341572,2.2295510536327026,235,0
full,0.25,-0.050000000000000044,Bishop,0.11173490623785055,0.05722985821566968,0.9043348082566602,234,1
full,0.25,-0.050000000000000044,Queen,0.16622316271905144,0.10487066595810071,0.6230000000000011,234,0
full,0.25,-5.551115123125783e-17,Pawn,1.4865704609552701,1.2178104668571819,2.2046598613033943,235,0
full,0.25,-5.551115123125783e-17,Bishop,0.10398677434861928,0.056991978371578524,0.6509983897085618,235,1
full,0.25,-5.551115123125783e-17,Queen,0.18817147264441303,0.12121259619987058,0.7087543790720616,235,0
full,0.25,0.04999999999999993,Pawn,1.459194353678418,1.1915173805933341,2.1615510536326976,236,0
full,0.25,0.04999999999999993,Bishop,0.11282592901661366,0.06594881129136333,0.6563348082566574,235,1
full,0.25,0.04999999999999993,Queen,0.21489503549338224,0.140288337908934,0.8709999999999987,235,0
full,0.25,0.09999999999999992,Pawn,1.4298054008706376,1.1626196174213463,2.1356598613033952,236,0
full,0.25,0.09999999999999992,Bishop,0.11804782740988434,0.07846431682688838,0.4585707620941566,235,1
full,0.25,0.09999999999999992,Queen,0.24338648432065255,0.1639422436632842,0.8907543790720602,236,0
full,0.25,0.1499999999999999,Pawn,1.400926579854714,1.133741249701694,2.092551053632702,236,0
full,0.25,0.1499999999999999,Bishop,0.13769919863743862,0.09602135174710823,0.6214282161900595,235,1
full,0.25,0.1499999999999999,Queen,0.2738865754970892,0.18900131270810094,1.0529999999999973,236,0
full,0.25,0.1999999999999999,Pawn,1.3717828823426212,1.1050295448742702,2.0666598613033997,236,0
full,0.25,0.1999999999999999,Bishop,0.16141692485508927,0.11729201743533253,0.5897254139678143,234,1
full,0.25,0.1999999999999999,Queen,0.304663236476097,0.2140410813187042,1.0529999999999973,236,0
full,0.25,0.24999999999999983,Pawn,1.342967602675047,1.076330068232052,2.023551053632703,236,0
full,0.25,0.24999999999999983,Bishop,0.1938833377431428,0.14203804772439035,0.6278209999999991,234,1
full,0.25,0.24999999999999983,Queen,0.3359629858187421,0.23895288641131873,1.1992499999999993,236,0
full,0.25,0.2999999999999999,Pawn,1.3138558821430704,1.0476509838070767,1.9986598613033983,236,0
full,0.25,0.2999999999999999,Bishop,0.22518960510550998,0.1674136369894447,0.8380953999999932,233,1
full,0.25,0.2999999999999999,Queen,0.366814377174399,0.26384175569422796,1.1992499999999993,236,0
full,0.275,-0.3,Pawn,1.674513252733861,1.403722081778789,2.436659861303399,232,0
full,0.275,-0.3,Bishop,0.23898160646632152,0.15898338713297075,1.1792859653337917,232,0
full,0.275,-0.3,Queen,0.15615237195728435,0.09355118198561742,1.027999999999997,232,1
full,0.275,-0.25,Pawn,1.6469796343994783,1.3773061451503303,2.3935510536327023,233,0
full,0.275,-0.25,Bishop,0.20986745852502384,0.1377982499573325,1.2075848082566552,232,0
full,0.275,-0.25,Queen,0.13822469739681137,0.0854373043420458,0.913713003679435,232,1
full,0.275,-0.2,Pawn,1.6175334486855886,1.3482468797110683,2.366659861303395,233,0
full,0.275,-0.2,Bishop,0.17640953463405956,0.11715860319634869,0.9542483897085674,233,0
full,0.275,-0.2,Queen,0.12702853603631398,0.07943280521360127,0.8459999999999983,233,1
full,0.275,-0.15000000000000002,Pawn,1.5900285938458467,1.321992871025756,2.3235510536326984,234,0
full,0.275,-0.15000000000000002,Bishop,0.15184337102336393,0.09839098408664107,1.0613348082566532,233,0
full,0.275,-0.15000000000000002,Queen,0.12567407310482262,0.07896144951617388,0.7317130036794364,233,1
full,0.275,-0.10000000000000003,Pawn,1.5605418489898324,1.292848118424948,2.2976598613033996,234,0
full,0.275,-0.10000000000000003,Bishop,0.12631052206270052,0.0812863261054667,0.8079983897085601,234,1
full,0.275,-0.10000000000000003,Queen,0.1346405312465794,0.08619990627905087,0.5980000000000008,234,0
full,0.275,-0.050000000000000044,Pawn,1.5330976328896437,1.2667248162554343,2.254551053632703,235,0
full,0.275,-0.050000000000000044,Bishop,0.11319504258826303,0.06664855757749251,0.8793348082566599,234,1
full,0.275,-0.050000000000000044,Queen,0.1517140800386527,0.09867808951042652,0.5980000000000008,234,0
full,0.275,-5.551115123125783e-17,Pawn,1.5036022506093085,1.2377040838784588,2.2296598613033947,235,0
full,0.275,-5.551115123125783e-17,Bishop,0.10141047750876049,0.06193595396784758,0.6259983897085615,235,1
full,0.275,-5.551115123125783e-17,Queen,0.17314599094026048,0.11450281857756052,0.6837543790720613,235,0
full,0.275,0.04999999999999993,Pawn,1.4762482529812637,1.2115416602543512,2.186551053632698,236,0
full,0.275,0.04999999999999993,Bishop,0.10670110280930548,0.06660624419112557,0.6464282161900599,235,1
full,0.275,0.04999999999999993,Queen,0.19978721802255572,0.1350354867390531,0.8459999999999983,235,0
full,0.275,0.09999999999999992,Pawn,1.4468523925012735,1.1826438970823632,2.1606598613033956,236,0
full,0.275,0.09999999999999992,Bishop,0.10827053266720989,0.07632631817560512,0.48357076209415695,235,1
full,0.275,0.09999999999999992,Queen,0.22837946749082705,0.15943013349379262,0.8657543790720599,236,0
full,0.275,0.1499999999999999,Pawn,1.4179553620971526,1.1538683683457618,2.1175510536327025,236,0
full,0.275,0.1499999999999999,Bishop,0.1262255416561015,0.09253369963605572,0.6464282161900599,235,1
full,0.275,0.1499999999999999,Queen,0.2590398117457255,0.18447381329514487,1.027999999999997,236,0
full,0.275,0.1999999999999999,Pawn,1.3888042787472454,1.1251566635183385,2.0916598613034,236,0
full,0.275,0.1999999999999999,Bishop,0.14895317180342954,0.11335875397256769,0.564725413967814,234,1
full,0.275,0.1999999999999999,Queen,0.2899620402019335,0.2093800643695516,1.027999999999997,236,0
full,0.275,0.24999999999999983,Pawn,1.35997281879623,1.0965651809276145,2.0485510536327034,236,0
full,0.275,0.24999999999999983,Bishop,0.1814144984303919,0.13719881436448503,0.6464282161900599,234,1
full,0.275,0.24999999999999983,Queen,0.32141023214235825,0.23427284462548134,1.174249999999999,236,0
full,0.275,0.2999999999999999,Pawn,1.330855030133417,1.0679899668579245,2.0236598613033987,236,0
full,0.275,0.2999999999999999,Bishop,0.21256198875379995,0.16258531080918712,0.8630953999999935,233,1
full,0.275,0.2999999999999999,Queen,0.352369509208766,0.25896887433829563,1.174249999999999,236,0
full,0.30000000000000004,-0.3,Pawn,1.691709893335115,1.423265185227065,2.4616598613033993,232,0
full,0.30000000000000004,-0.3,Bishop,0.25075363734447254,0.17800678160040262,1.204285965333792,232,0
full,0.30000000000000004,-0.3,Queen,0.15869964552475255,0.10514936076007113,1.0029999999999966,232,1
full,0.30000000000000004,-0.25,Pawn,1.6641980201543978,1.3968726687554807,2.4185510536327026,233,0
full,0.30000000000000004,-0.25,Bishop,0.22132235304985517,0.15487090733008232,1.1825848082566548,232,0
full,0.30000000000000004,-0.25,Queen,0.13806265359074701,0.09461388831123847,0.8887130036794346,232,1
full,0.30000000000000004,-0.2,Pawn,1.6347452543967704,1.367882072844116,2.3916598613033955,233,0
full,0.30000000000000004,-0.2,Bishop,0.18761413536326815,0.13255958808197624,0.929248389708567,233,0
full,0.30000000000000004,-0.2,Queen,0.12358448846530688,0.08777513966651114,0.820999999999998,233,1
full,0.30000000000000004,-0.15000000000000002,Pawn,1.6072636441503951,1.341650990683876,2.348551053632699,234,0
full,0.30000000000000004,-0.15000000000000002,Bishop,0.16221205081054982,0.11292541791238886,1.0363348082566528,233,0
full,0.30000000000000004,-0.15000000000000002,Queen,0.1186916124525829,0.08468425860231003,0.706713003679436,233,1
full,0.30000000000000004,-0.10000000000000003,Pawn,1.57777223812935,1.312690269114013,2.3226598613034,234,0
full,0.30000000000000004,-0.10000000000000003,Bishop,0.13546830486596134,0.09511782531806796,0.7829983897085597,234,0
full,0.30000000000000004,-0.10000000000000003,Queen,0.12491854269946825,0.08781221412748812,0.5730000000000004,234,1
full,0.30000000000000004,-0.050000000000000044,Pawn,1.5503525652181793,1.286618433276711,2.2795510536327033,235,0
full,0.30000000000000004,-0.050000000000000044,Bishop,0.11996477008328803,0.08037351776955784,0.8543348082566595,234,1
full,0.30000000000000004,-0.050000000000000044,Queen,0.14019338193946676,0.09615959283758786,0.5730000000000004,234,0
full,0.30000000000000004,-5.551115123125783e-17,Pawn,1.5208542733246964,1.2575977008997354,2.254659861303395,235,0
full,0.30000000000000004,-5.551115123125783e-17,Bishop,0.10490434050924213,0.07167008275571074,0.6214290000000009,235,1
full,0.30000000000000004,-5.551115123125783e-17,Queen,0.1606255435483488,0.11006195018590961,0.6587543790720609,235,0
full,0.30000000000000004,0.04999999999999993,Pawn,1.4935259110753616,1.231668778898419,2.2115510536326983,236,0
full,0.30000000000000004,0.04999999999999993,Bishop,0.10625704881551185,0.07127655299594195,0.6714282161900602,235,1
full,0.30000000000000004,0.04999999999999993,Queen,0.18681538665399713,0.13085137587812373,0.820999999999998,235,0
full,0.30000000000000004,0.09999999999999992,Pawn,1.4641277973641755,1.2027710157264313,2.185659861303396,236,0
full,0.30000000000000004,0.09999999999999992,Bishop,0.10372910359146532,0.07734576211051628,0.5085707620941573,235,1
full,0.30000000000000004,0.09999999999999992,Queen,0.21523796503595788,0.15501245363405788,0.8407543790720595,236,0
full,0.30000000000000004,0.1499999999999999,Pawn,1.4352175917458327,1.174165953091525,2.142551053632703,236,0
full,0.30000000000000004,0.1499999999999999,Bishop,0.11897354927612991,0.0909175714048035,0.6714282161900602,235,1
full,0.30000000000000004,0.1499999999999999,Queen,0.24584424317237744,0.18002466075277204,1.0029999999999966,236,0
full,0.30000000000000004,0.1999999999999999,Pawn,1.4060641425785247,1.1454542482641015,2.1166598613034004,236,0
full,0.30000000000000004,0.1999999999999999,Bishop,0.1398880665065127,0.11038753300930666,0.5397254139678136,234,1
full,0.30000000000000004,0.1999999999999999,Queen,0.2767422661178542,0.20476263027252872,1.0029999999999966,236,0
full,0.30000000000000004,0.24999999999999983,Pawn,1.377221897115481,1.1169644605886315,2.0735510536327038,236,0
full,0.30000000000000004,0.24999999999999983,Bishop,0.17170233494941128,0.132866274720991,0.6714282161900602,234,1
full,0.30000000000000004,0.24999999999999983,Queen,0.3082011466743187,0.22961182767632882,1.1492499999999986,236,0
full,0.30000000000000004,0.2999999999999999,Pawn,1.3481034616901224,1.0883892465189418,2.048659861303399,236,0
full,0.30000000000000004,0.2999999999999999,Bishop,0.20224944963674366,0.15777046960747038,0.8880953999999939,233,1
full,0.30000000000000004,0.2999999999999999,Queen,0.3391544703202524,0.2541988978683914,1.1492499999999986,236,0
full,0.325,-0.3,Pawn,1.709099205088596,1.4428772541925812,2.486659861303398,232,0
full,0.325,-0.3,Bishop,0.2643720201794098,0.19865332930484725,1.2292859653337906,232,0
full,0.325,-0.3,Queen,0.1650381522905478,0.11862683177504567,0.977999999999998,232,1
full,0.325,-0.25,Pawn,1.6816117817275757,1.4165078618885272,2.443551053632701,233,0
full,0.325,-0.25,Bishop,0.2348889477418987,0.17421613576461473,1.1575848082566562,232,0
full,0.325,-0.25,Queen,0.14236054812551513,0.10588834551858238,0.863713003679436,232,1
full,0.325,-0.2,Pawn,1.6521560567721283,1.3876374376509817,2.416659861303394,233,0
full,0.325,-0.2,Bishop,0.2013151848877962,0.1498040090643625,0.9042483897085685,233,0
full,0.325,-0.2,Queen,0.12513993211974353,0.0972888827724504,0.7959999999999994,233,1
full,0.325,-0.15000000000000002,Pawn,1.624700561447497,1.3614287684616528,2.3735510536326974,234,0
full,0.325,-0.15000000000000002,Bishop,0.17555366567687924,0.1290805263225039,1.0113348082566542,233,0
full,0.325,-0.15000000000000002,Queen,0.11675369408473557,0.0931921355333479,0.6817130036794374,233,1
full,0.325,-0.10000000000000003,Pawn,1.595208327578185,1.332562063985807,2.3476598613033985,234,0
full,0.325,-0.10000000000000003,Bishop,0.1483205153131618,0.11068792826637677,0.7579983897085611,234,0
full,0.325,-0.10000000000000003,Queen,0.11971304008317855,0.09400612744461834,0.5480000000000018,234,1
full,0.325,-0.050000000000000044,Pawn,1.567816252302975,1.3065120502979866,2.304551053632702,235,0
full,0.325,-0.050000000000000044,Bishop,0.131224900288449,0.09678039932065481,0.829334808256661,234,1
full,0.325,-0.050000000000000044,Queen,0.1324432202767505,0.09843902191264012,0.5480000000000018,234,0
full,0.325,-5.551115123125783e-17,Pawn,1.5383191194750847,1.2776894594582078,2.2796598613033936,235,0
full,0.325,-5.551115123125783e-17,Bishop,0.1139111775323345,0.08608002105762966,0.6464289999999995,235,1
full,0.325,-5.551115123125783e-17,Queen,0.15123358192451972,0.10958387685761148,0.6337543790720623,235,0
full,0.325,0.04999999999999993,Pawn,1.511019652313213,1.2517958975424859,2.236551053632697,236,0
full,0.325,0.04999999999999993,Bishop,0.11156162200883424,0.08130107813525637,0.6964282161900588,235,1
full,0.325,0.04999999999999993,Queen,0.17645125359762376,0.12845823070429968,0.7959999999999994,235,0
full,0.325,0.09999999999999992,Pawn,1.4816236257370776,1.2229450125960963,2.2106598613033945,236,0
full,0.325,0.09999999999999992,Bishop,0.10510445099869191,0.081387196744781,0.5335707620941559,235,1
full,0.325,0.09999999999999992,Queen,0.204322250414014,0.15145243010813522,0.8157543790720609,236,0
full,0.325,0.1499999999999999,Pawn,1.4527049467849091,1.1945049361423716,2.1675510536327014,236,0
full,0.325,0.1499999999999999,Bishop,0.11673270102393397,0.0915062265596854,0.6964282161900588,235,1
full,0.325,0.1499999999999999,Queen,0.23457868558915912,0.17590479179532406,0.977999999999998,236,0
full,0.325,0.1999999999999999,Pawn,1.4235537999750851,1.1657932313149477,2.141659861303399,236,0
full,0.325,0.1999999999999999,Bishop,0.13490846864285075,0.10908106456482033,0.5335707620941559,234,1
full,0.325,0.1999999999999999,Queen,0.2652255247030782,0.2005144353572746,0.977999999999998,236,0
full,0.325,0.24999999999999983,Pawn,1.3947057897363742,1.1375153080462577,2.0985510536327023,236,0
full,0.325,0.24999999999999983,Bishop,0.16523366307568513,0.1299662765183152,0.6964282161900588,234,1
full,0.325,0.24999999999999983,Queen,0.29651535592094663,0.2251106027866774,1.12425,236,0
full,0.325,0.2999999999999999,Pawn,1.365591730939508,1.108940093976568,2.0736598613033976,236,0
full,0.325,0.2999999999999999,Bishop,0.19462035015321738,0.15356915071000732,0.9130953999999925,233,1
full,0.325,0.2999999999999999,Queen,0.327318252556126,0.24967951651245926,1.12425,236,0
full,0.35000000000000003,-0.3,Pawn,1.726675366842604,1.4624893231580989,2.5116598613033982,232,0
full,0.35000000000000003,-0.3,Bishop,0.2795670643441422,0.21987664452871078,1.254285965333791,232,0
full,0.35000000000000003,-0.3,Queen,0.17475584663545327,0.13305311167532,0.9529999999999976,232,1
full,0.35000000000000003,-0.25,Pawn,1.6992149124240203,1.4362659777912403,2.4685510536327016,233,0
full,0.35000000000000003,-0.25,Bishop,0.25022400281161783,0.19522968514935413,1.1325848082566559,232,0
full,0.35000000000000003,-0.25,Queen,0.1507373709757326,0.11938408462148514,0.8387130036794357,232,1
full,0.35000000000000003,-0.2,Pawn,1.6697596309304215,1.4074872230587072,2.4416598613033944,233,0
full,0.35000000000000003,-0.2,Bishop,0.2170404191497722,0.16990599111871588,0.8792483897085681,233,0
full,0.35000000000000003,-0.2,Queen,0.1315176012275028,0.1085819625227051,0.770999999999999,233,1
full,0.35000000000000003,-0.15000000000000002,Pawn,1.642332915985069,1.3813005633334479,2.3985510536326977,234,0
full,0.35000000000000003,-0.15000000000000002,Bishop,0.19124703824377232,0.1477963463570744,0.9863348082566539,233,0
full,0.35000000000000003,-0.15000000000000002,Queen,0.12010475135593025,0.1028101115612047,0.6567130036794371,233,1
full,0.35000000000000003,-0.10000000000000003,Pawn,1.6128434460101462,1.3525684742422175,2.372659861303399,234,0
full,0.35000000000000003,-0.10000000000000003,Bishop,0.16400088079722905,0.12847659873170084,0.7329983897085608,234,0
full,0.35000000000000003,-0.10000000000000003,Queen,0.11961513960094868,0.10258522792120787,0.5230000000000015,234,1
full,0.35000000000000003,-0.050000000000000044,Pawn,1.5854817960141028,1.326539709872455,2.329551053632702,235,0
full,0.35000000000000003,-0.050000000000000044,Bishop,0.14593972334594457,0.11480278338035113,0.8043348082566606,234,0
full,0.35000000000000003,-0.050000000000000044,Queen,0.1291442172724986,0.10528844163420513,0.5230000000000015,234,1
full,0.35000000000000003,-5.551115123125783e-17,Pawn,1.5559896227145003,1.2977958424369314,2.304659861303394,235,0
full,0.35000000000000003,-5.551115123125783e-17,Bishop,0.1272658323193119,0.10265529895458361,0.6714289999999998,235,1
full,0.35000000000000003,-5.551115123125783e-17,Queen,0.1455768778454811,0.11317484895753377,0.608754379072062,235,0
full,0.35000000000000003,0.04999999999999993,Pawn,1.5287220585508667,1.271923016186554,2.2615510536326973,236,0
full,0.35000000000000003,0.04999999999999993,Bishop,0.12186644569979907,0.09440887619594694,0.7214282161900591,235,1
full,0.35000000000000003,0.04999999999999993,Queen,0.16917476496706937,0.1285741712875235,0.770999999999999,235,0
full,0.35000000000000003,0.09999999999999992,Pawn,1.4993321612204873,1.2432839956469444,2.235659861303395,236,0
full,0.35000000000000003,0.09999999999999992,Bishop,0.11217916164593132,0.08968122800229406,0.5585707620941562,235,1
full,0.35000000000000003,0.09999999999999992,Queen,0.19600454697703706,0.14945948394359748,0.7907543790720606,236,0
full,0.35000000000000003,0.1499999999999999,Pawn,1.4704093950903558,1.2148439191932192,2.1925510536327018,236,0
full,0.35000000000000003,0.1499999999999999,Bishop,0.11978456306772853,0.09422002758160343,0.7214282161900591,235,1
full,0.35000000000000003,0.1499999999999999,Queen,0.2255325421407645,0.1725253349757382,0.9529999999999976,236,0
full,0.35000000000000003,0.1999999999999999,Pawn,1.441264885370462,1.1862807875066483,2.1666598613033994,236,0
full,0.35000000000000003,0.1999999999999999,Bishop,0.13446902495440186,0.10957883744122442,0.5585707620941562,234,1
full,0.35000000000000003,0.1999999999999999,Queen,0.25564208583877707,0.19681554272058258,0.9529999999999976,236,0
full,0.35000000000000003,0.24999999999999983,Pawn,1.4124157765877454,1.1580661555038851,2.1235510536327027,236,0
full,0.35000000000000003,0.24999999999999983,Bishop,0.16239653629230572,0.1285507306971258,0.7214282161900591,234,1
full,0.35000000000000003,0.24999999999999983,Queen,0.28653929186498306,0.22137331465108426,1.0992499999999996,236,0
full,0.35000000000000003,0.2999999999999999,Pawn,1.3833107415905634,1.1295801925411495,2.098659861303398,236,0
full,0.35000000000000003,0.2999999999999999,Bishop,0.18999821448938944,0.15035160050955437,0.9380953999999928,233,1
full,0.35000000000000003,0.2999999999999999,Queen,0.31701533428933726,0.24573036397008646,1.1117352412675618,236,0
full,0.375,-0.3,Pawn,1.7444327307430374,1.4821013921236166,2.5366598613033986,232,0
full,0.375,-0.3,Bishop,0.2960961362096122,0.24125718763215934,1.2792859653337914,232,0
full,0.375,-0.3,Queen,0.18732757446534704,0.14850768616304239,0.9279999999999973,232,1
full,0.375,-0.25,Pawn,1.7170015878744405,1.4561157631989656,2.493551053632702,233,0
full,0.375,-0.25,Bishop,0.26702300536628054,0.21695905844328184,1.1075848082566555,232,0
full,0.375,-0.25,Queen,0.16256378549589146,0.1339838334110274,0.8137130036794353,232,1
full,0.375,-0.2,Pawn,1.687549944221197,1.4273370084664325,2.4666598613033948,233,0
full,0.375,-0.2,Bishop,0.23438277117358708,0.19211005963453603,0.8542483897085678,233,0
full,0.375,-0.2,Queen,0.14206954724478757,0.1216620252153718,0.7459999999999987,233,1
full,0.375,-0.15000000000000002,Pawn,1.6601544806096291,1.4013097129288843,2.423551053632698,234,0
full,0.375,-0.15000000000000002,Bishop,0.20876247206200726,0.16952882779909104,0.9613348082566535,233,0
full,0.375,-0.15000000000000002,Queen,0.12833112449483053,0.11347622392826032,0.6317130036794367,233,1
full,0.375,-0.10000000000000003,Pawn,1.6306711361586612,1.372653944327688,2.3976598613033993,234,0
full,0.375,-0.10000000000000003,Bishop,0.18177899367576014,0.1486238186476168,0.7079983897085604,234,0
full,0.375,-0.10000000000000003,Queen,0.12463687767892859,0.11195291621743812,0.4980000000000011,234,1
full,0.375,-0.050000000000000044,Pawn,1.6033425242283277,1.3466460928511785,2.3545510536327026,235,0
full,0.375,-0.050000000000000044,Bishop,0.1631773000293494,0.13399163303985864,0.7793348082566602,234,0
full,0.375,-0.050000000000000044,Queen,0.1306340350466786,0.11451841508703811,0.4980000000000011,234,1
full,0.375,-5.551115123125783e-17,Pawn,1.5738588560121352,1.318097970096506,2.3296598613033943,235,0
full,0.375,-5.551115123125783e-17,Bishop,0.1437617048627743,0.12010879593748906,0.6964290000000002,235,1
full,0.375,-5.551115123125783e-17,Queen,0.1440960041942727,0.12056773355072356,0.5837543790720616,235,0
full,0.375,0.04999999999999993,Pawn,1.5466259647772813,1.2922450500848595,2.2865510536326976,236,0
full,0.375,0.04999999999999993,Bishop,0.13603994145015708,0.11030776493785606,0.7464282161900595,235,1
full,0.375,0.04999999999999993,Queen,0.16539394579957697,0.13221315905158768,0.7459999999999987,235,0
full,0.375,0.09999999999999992,Pawn,1.5172459559998541,1.2637077244605042,2.2606598613033952,236,0
full,0.375,0.09999999999999992,Bishop,0.12398138164834091,0.10140828073422248,0.5835707620941566,235,1
full,0.375,0.09999999999999992,Queen,0.19062524192010896,0.14963070383475813,0.7657543790720602,236,0
full,0.375,0.1499999999999999,Pawn,1.488323189339811,1.2352676480067788,2.217551053632702,236,0
full,0.375,0.1499999999999999,Bishop,0.12775038007892625,0.10035994385417138,0.7464282161900595,235,1
full,0.375,0.1499999999999999,Queen,0.21898103889655357,0.17052840827169322,0.9279999999999973,236,0
full,0.375,0.1999999999999999,Pawn,1.4591893359603332,1.2068570586930891,2.1916598613033997,236,0
full,0.375,0.1999999999999999,Bishop,0.1386129230368369,0.1115133132637958,0.5835707620941566,234,1
full,0.375,0.1999999999999999,Queen,0.24821598085131064,0.19375224299397403,0.9279999999999973,236,0
full,0.375,0.24999999999999983,Pawn,1.4303434594473332,1.178642426690326,2.148551053632703,236,0
full,0.375,0.24999999999999983,Bishop,0.16338025151794605,0.1285747498890938,0.7464282161900595,234,1
full,0.375,0.24999999999999983,Queen,0.27845677450557077,0.21777161973582998,1.0742499999999993,236,0
full,0.375,0.2999999999999999,Pawn,1.4012517404054523,1.1503429044055566,2.1236598613033983,236,0
full,0.375,0.2999999999999999,Bishop,0.1886042478963588,0.148493630673943,0.9630953999999932,233,1
full,0.375,0.2999999999999999,Queen,0.3083994258956469,0.24205689506220798,1.1367352412675622,236,0
full,0.4,-0.3,Pawn,1.7623658194921337,1.5018963249717177,2.561659861303399,232,0
full,0.4,-0.3,Bishop,0.31374846659469235,0.26297547556319417,1.3042859653337917,232,0
full,0.4,-0.3,Queen,0.202221745558845,0.16712784364212366,0.9029999999999969,232,1
full,0.4,-0.25,Pawn,1.7349661630482967,1.4759655486066914,2.5185510536327023,233,0
full,0.4,-0.25,Bishop,0.2850272253778801,0.23929608340549205,1.0825848082566552,232,0
full,0.4,-0.25,Queen,0.17715025741113904,0.14934291085417317,0.788713003679435,232,1
full,0.4,-0.2,Pawn,1.7055211530195207,1.4471867938741583,2.491659861303395,233,0
full,0.4,-0.2,Bishop,0.25300992727818283,0.21532588205188338,0.8292483897085674,233,0
full,0.4,-0.2,Queen,0.15595073926096487,0.13646582452529446,0.7209999999999983,233,1
full,0.4,-0.15000000000000002,Pawn,1.678159227263145,1.421395183014355,2.4485510536326984,234,0
full,0.4,-0.15000000000000002,Bishop,0.2276798406663749,0.19284969183174366,0.9363348082566532,233,0
full,0.4,-0.15000000000000002,Queen,0.1405795281324617,0.12584648016644873,0.6067130036794364,233,1
full,0.4,-0.10000000000000003,Pawn,1.6486851510412994,1.3927394144131582,2.4226598613033996,234,0
full,0.4,-0.10000000000000003,Bishop,0.201099269469775,0.17157457669727147,0.7214290000000005,234,0
full,0.4,-0.10000000000000003,Queen,0.1342047723940919,0.12289730174143765,0.47300000000000075,234,1
full,0.4,-0.050000000000000044,Pawn,1.62139198669095,1.3669509481930175,2.379551053632703,235,0
full,0.4,-0.050000000000000044,Bishop,0.1822231040220911,0.15507954120429446,0.7543348082566599,234,0
full,0.4,-0.050000000000000044,Queen,0.1367562553239427,0.12464815471686479,0.47300000000000075,234,1
full,0.4,-5.551115123125783e-17,Pawn,1.5919201271736094,1.3384171190326768,2.3546598613033947,235,0
full,0.4,-5.551115123125783e-17,Bishop,0.16244464747776596,0.13858883705440078,0.7214290000000005,235,0
full,0.4,-5.551115123125783e-17,Queen,0.14691728790810712,0.13010390017898274,0.5587543790720613,235,1
full,0.4,0.04999999999999993,Pawn,1.5647244541920196,1.3126714950227076,2.311551053632698,236,0
full,0.4,0.04999999999999993,Bishop,0.15301078639109822,0.12780381218568024,0.7714282161900599,235,1
full,0.4,0.04999999999999993,Queen,0.1653487632631212,0.1397274460074692,0.7209999999999983,235,0
full,0.4,0.09999999999999992,Pawn,1.535357825500533,1.284258571918131,2.2856598613033956,236,0
full,0.4,0.09999999999999992,Bishop,0.13931475759329726,0.11635153925610114,0.608570762094157,235,1
full,0.4,0.09999999999999992,Queen,0.18843615172924388,0.1531659825915852,0.7407543790720599,236,0
full,0.4,0.1499999999999999,Pawn,1.5064388612496917,1.2558466353175082,2.2425510536327025,236,0
full,0.4,0.1499999999999999,Bishop,0.13979262380860316,0.11091375105767727,0.7714282161900599,235,1
full,0.4,0.1499999999999999,Queen,0.21515218620305052,0.1705289313197937,0.9029999999999969,236,0
full,0.4,0.1999999999999999,Pawn,1.477319385427127,1.2276197705574963,2.2166598613034,236,0
full,0.4,0.1999999999999999,Bishop,0.14695293870298956,0.11565738253742151,0.608570762094157,234,1
full,0.4,0.1999999999999999,Queen,0.24314495727437113,0.19166468830369016,0.9086745801806799,236,0
full,0.4,0.24999999999999983,Pawn,1.448480755140905,1.1994078546790217,2.1735510536327034,236,0
full,0.4,0.24999999999999983,Bishop,0.16811775091404385,0.1299870482323394,0.7714282161900599,234,1
full,0.4,0.24999999999999983,Queen,0.27243638661824643,0.214611812116734,1.0548988616769872,236,0
full,0.4,0.2999999999999999,Pawn,1.4194063097572809,1.1713174806767432,2.1486598613033987,236,0
full,0.4,0.2999999999999999,Bishop,0.19050932559837144,0.14799680354294206,0.9880953999999935,233,1
full,0.4,0.2999999999999999,Queen,0.30161513491691533,0.23845520014695365,1.1617352412675626,236,0
body,0.0,-0.3,Pawn,1.9115084912030536,1.907693844277839,2.1616598613033986,116,0
body,0.0,-0.3,Bishop,0.15645028370392153,0.12423027225276141,0.3080001999999977,116,1
body,0.0,-0.3,Queen,0.2719732267159964,0.2528040077545586,0.4325102369499536,116,0
body,0.0,-0.25,Pawn,1.8765828134508356,1.8726107763902016,2.118551053632702,117,0
body,0.0,-0.25,Bishop,0.17568067968620105,0.14714734605041288,0.3441900971474876,116,1
body,0.0,-0.25,Queen,0.3046057436842228,0.2862742776404907,0.47108177965020026,116,0
body,0.0,-0.2,Pawn,1.8431953975471649,1.8390541734733237,2.0916598613033948,117,0
body,0.0,-0.2,Bishop,0.19969078079677527,0.17523646175113397,0.3550002000000001,117,1
body,0.0,-0.2,Queen,0.3367537590901182,0.31858223705248456,0.5095102369499571,117,0
body,0.0,-0.15000000000000002,Pawn,1.8084848685719577,1.8041119016112928,2.048551053632698,118,0
body,0.0,-0.15000000000000002,Bishop,0.22477540160443596,0.20328773920717097,0.39119009714749,117,1
body,0.0,-0.15000000000000002,Queen,0.369813019375574,0.35207081354383907,0.548081779650202,117,0
body,0.0,-0.10000000000000003,Pawn,1.7751127358283223,1.7704743478066718,2.0226598613033993,118,0
body,0.0,-0.10000000000000003,Bishop,0.2527113207932496,0.23378005479364172,0.40100020000000125,118,1
body,0.0,-0.10000000000000003,Queen,0.4020835072822269,0.3842220593745142,0.5865102369499553,118,0
body,0.0,-0.050000000000000044,Pawn,1.7406267688062733,1.7356699999116756,1.9795510536327026,119,0
body,0.0,-0.050000000000000044,Bishop,0.28067333099908875,0.26437974178427837,0.43719009714749113,118,1
body,0.0,-0.050000000000000044,Queen,0.4352618079272155,0.4175193659714327,0.6250817796502002,118,0
body,0.0,-5.551115123125783e-17,Pawn,1.707283465915943,1.7019528507150812,1.9546598613033943,119,0
body,0.0,-5.551115123125783e-17,Bishop,0.31059011437926715,0.2974197689934816,0.44700019999999885,119,1
body,0.0,-5.551115123125783e-17,Queen,0.46736618136060176,0.4492201933293506,0.6625102369499505,119,0
body,0.0,0.04999999999999993,Pawn,1.6730324873271831,1.6672836442607126,1.9115510536326976,120,0
body,0.0,0.04999999999999993,Bishop,0.34021020795246176,0.32942457206139736,0.48319009714748873,119,1
body,0.0,0.04999999999999993,Queen,0.5004996564542032,0.4822376906271359,0.70142867453084,119,0
body,0.0,0.09999999999999992,Pawn,1.6397327374772848,1.6334882310929109,1.8856598613033952,120,0
body,0.0,0.09999999999999992,Bishop,0.3711743853289598,0.36231547824022836,0.49400019999999945,120,1
body,0.0,0.09999999999999992,Queen,0.5323613713920718,0.5135016917182733,0.7370408237839747,120,0
body,0.0,0.1499999999999999,Pawn,1.6065047967453883,1.5996955002237943,1.842551053632702,120,0
body,0.0,0.1499999999999999,Bishop,0.40175048934546204,0.3943551607312575,0.5301900971474867,120,1
body,0.0,0.1499999999999999,Queen,0.5653902793772483,0.5462440432052422,0.7774286745308441,120,0
body,0.0,0.1999999999999999,Pawn,1.5733417521045785,1.56590008674461,1.8166598613033997,120,0
body,0.0,0.1999999999999999,Bishop,0.43252625112126813,0.42636309640213194,0.540000199999997,120,1
body,0.0,0.1999999999999999,Queen,0.5985424014115623,0.5788698891072658,0.8132040053346898,120,0
body,0.0,0.24999999999999983,Pawn,1.5400104176463107,1.5318322498345402,1.773551053632703,120,0
body,0.0,0.24999999999999983,Bishop,0.4635127389819593,0.4581488095862732,0.5761900971474869,120,1
body,0.0,0.24999999999999983,Queen,0.6314395416191915,0.611315471488237,0.8544286745308423,120,0
body,0.0,0.2999999999999999,Pawn,1.506696926286374,1.497710984525954,1.7486598613033983,120,0
body,0.0,0.2999999999999999,Bishop,0.49480655226742654,0.49005357140213296,0.5860001999999982,120,1
body,0.0,0.2999999999999999,Queen,0.6644304678071143,0.6436445487124625,0.890204005334688,120,0
body,0.025,-0.3,Pawn,1.9364592441245099,1.9326938442778394,2.186659861303399,116,0
body,0.025,-0.3,Bishop,0.1411909387222742,0.10781238768339971,0.28300019999999737,116,1
body,0.025,-0.3,Queen,0.2489060779944569,0.22780400775455817,0.40751023694995325,116,0
body,0.025,-0.25,Pawn,1.9015305925907595,1.8976107763902021,2.1435510536327023,117,0
body,0.025,-0.25,Bishop,0.15729670158687387,0.1272852712917611,0.31919009714748725,116,1
body,0.025,-0.25,Queen,0.2812400135176247,0.26127427764049044,0.4460817796501999,116,0
body,0.025,-0.2,Pawn,1.8681399792876119,1.8640541734733238,2.116659861303395,117,0
body,0.025,-0.2,Bishop,0.17917422402754704,0.15342164254508295,0.33000019999999974,117,1
body,0.025,-0.2,Queen,0.313207570803614,0.2935822370524842,0.48451023694995676,117,0
body,0.025,-0.15000000000000002,Pawn,1.8334252411631888,1.829111901611293,2.0735510536326984,118,0
body,0.025,-0.15000000000000002,Bishop,0.20290237085337745,0.18063613534773088,0.3661900971474896,117,1
body,0.025,-0.15000000000000002,Queen,0.3460969930850115,0.3270708135438387,0.5230817796502016,117,0
body,0.025,-0.10000000000000003,Pawn,1.8000483166543741,1.7954743478066724,2.0476598613033996,118,0
body,0.025,-0.10000000000000003,Bishop,0.22992229743565595,0.21027883990417046,0.3760002000000009,118,1
body,0.025,-0.10000000000000003,Queen,0.378265837552971,0.3592220593745138,0.5615102369499549,118,0
body,0.025,-0.050000000000000044,Pawn,1.765556583143274,1.7606699999116762,2.004551053632703,119,0
body,0.025,-0.050000000000000044,Bishop,0.2572616015749532,0.23971790928279588,0.4121900971474908,118,1
body,0.025,-0.050000000000000044,Queen,0.4113415528991647,0.3925193659714324,0.6000817796501998,118,0
body,0.025,-5.551115123125783e-17,Pawn,1.7322065337383152,1.7269528507150815,1.9796598613033947,119,0
body,0.025,-5.551115123125783e-17,Bishop,0.2867407029015099,0.2724197689934814,0.4220001999999985,119,1
body,0.025,-5.551115123125783e-17,Queen,0.4433905026194439,0.42422019332935024,0.6375102369499501,119,0
body,0.025,0.04999999999999993,Pawn,1.6979478454490933,1.692283644260713,1.936551053632698,120,0
body,0.025,0.04999999999999993,Bishop,0.3160644823323038,0.304424572061397,0.4581900971474884,119,1
body,0.025,0.04999999999999993,Queen,0.47645883513627746,0.4572376906271356,0.6764286745308397,119,0
body,0.025,0.09999999999999992,Pawn,1.6646389584259396,1.6584882310929112,1.9106598613033956,120,0
body,0.025,0.09999999999999992,Bishop,0.3468135672264271,0.337315478240228,0.4690001999999991,120,1
body,0.025,0.09999999999999992,Queen,0.5082898239828665,0.48850169171827296,0.7120408237839744,120,0
body,0.025,0.1499999999999999,Pawn,1.6314004526716093,1.6246955002237944,1.8675510536327025,120,0
body,0.025,0.1499999999999999,Bishop,0.3772409013518485,0.3693551607312571,0.5051900971474863,120,1
body,0.025,0.1499999999999999,Queen,0.5412753142847181,0.5212440432052418,0.7524286745308437,120,0
body,0.025,0.1999999999999999,Pawn,1.5982253512107536,1.5909000867446106,1.8416598613034,120,0
body,0.025,0.1999999999999999,Bishop,0.40790415919540635,0.4013630964021316,0.5150001999999967,120,1
body,0.025,0.1999999999999999,Queen,0.574399261691862,0.5538698891072654,0.7882040053346895,120,0
body,0.025,0.24999999999999983,Pawn,1.5648797714044655,1.5568322498345408,1.7985510536327034,120,0
body,0.025,0.24999999999999983,Bishop,0.43881843479877186,0.43314880958627283,0.5511900971474866,120,1
body,0.025,0.24999999999999983,Queen,0.6072685741464334,0.5863154714882367,0.8294286745308419,120,0
body,0.025,0.2999999999999999,Pawn,1.531550252818074,1.522710984525954,1.7736598613033987,120,0
body,0.025,0.2999999999999999,Bishop,0.47005940645483363,0.4650535714021326,0.5610001999999978,120,1
body,0.025,0.2999999999999999,Queen,0.6402426251935724,0.6186445487124622,0.8652040053346877,120,0
body,0.05,-0.3,Pawn,1.9614112512089763,1.9576938442778389,2.2116598613033993,116,0
body,0.05,-0.3,Bishop,0.12900802720573845,0.09528693537713316,0.2580001999999979,116,1
body,0.05,-0.3,Queen,0.2262499398339249,0.202804007754558,0.3825102369499529,116,0
body,0.05,-0.25,Pawn,1.9264797256597528,1.9226107763902023,2.1685510536327026,117,0
body,0.05,-0.25,Bishop,0.14096383736694543,0.10980006867551512,0.2941900971474878,116,1
body,0.05,-0.25,Queen,0.2581806176330227,0.23627427764049022,0.42108177965019955,116,0
body,0.05,-0.2,Pawn,1.8930860231078739,1.8890541734733244,2.1416598613033955,117,0
body,0.05,-0.2,Bishop,0.15993872944512724,0.1324110464576664,0.3050002000000003,117,1
body,0.05,-0.2,Queen,0.2899049336525278,0.26858223705248396,0.4595102369499564,117,0
body,0.05,-0.15000000000000002,Pawn,1.8583672161375595,1.8541119016112932,2.098551053632699,118,0
body,0.05,-0.15000000000000002,Bishop,0.1818371882465401,0.15852339592673925,0.34119009714749016,117,1
body,0.05,-0.15000000000000002,Queen,0.3225749338452918,0.3020708135438385,0.4980817796502013,117,0
body,0.05,-0.10000000000000003,Pawn,1.8249856601301229,1.8204743478066723,2.0726598613034,118,0
body,0.05,-0.10000000000000003,Bishop,0.20764275585512706,0.18732968893727653,0.3510002000000014,118,1
body,0.05,-0.10000000000000003,Queen,0.3546109711936798,0.33422205937451355,0.5365102369499546,118,0
body,0.05,-0.050000000000000044,Pawn,1.7904883546887809,1.7856699999116763,2.0295510536327033,119,0
body,0.05,-0.050000000000000044,Bishop,0.23417844596737766,0.21595680581869944,0.3871900971474913,118,1
body,0.05,-0.050000000000000044,Queen,0.3875576148689695,0.36751936597143225,0.5750817796501995,118,0
body,0.05,-5.551115123125783e-17,Pawn,1.757131787334537,1.7519528507150817,2.004659861303395,119,0
body,0.05,-5.551115123125783e-17,Bishop,0.2631050023294461,0.24747498617154454,0.397000199999999,119,1
body,0.05,-5.551115123125783e-17,Queen,0.4195344183099348,0.39922019332935,0.6125102369499498,119,0
body,0.05,0.04999999999999993,Pawn,1.722865655841527,1.7172836442607133,1.9615510536326983,120,0
body,0.05,0.04999999999999993,Bishop,0.2920625419134013,0.27942457206139676,0.4331900971474889,119,1
body,0.05,0.04999999999999993,Queen,0.4525219741051935,0.43223769062713535,0.6514286745308393,119,0
body,0.05,0.09999999999999992,Pawn,1.6895479494421113,1.6834882310929116,1.935659861303396,120,0
body,0.05,0.09999999999999992,Bishop,0.3225505797550331,0.31231547824022776,0.4440001999999996,120,1
body,0.05,0.09999999999999992,Queen,0.4843123584822295,0.4635016917182727,0.687040823783974,120,0
body,0.05,0.1499999999999999,Pawn,1.6562992519434168,1.649695500223795,1.8925510536327028,120,0
body,0.05,0.1499999999999999,Bishop,0.35280014117938235,0.3443551607312569,0.48019009714748684,120,1
body,0.05,0.1499999999999999,Queen,0.5172443945503499,0.4962440432052416,0.7274286745308434,120,0
body,0.05,0.1999999999999999,Pawn,1.623112527704092,1.6159000867446105,1.8666598613034004,120,0
body,0.05,0.1999999999999999,Bishop,0.3833309904883829,0.37636309640213145,0.4900001999999972,120,1
body,0.05,0.1999999999999999,Queen,0.5503326424779766,0.5288698891072653,0.7632040053346891,120,0
body,0.05,0.24999999999999983,Pawn,1.5897532234414937,1.581832249834541,1.8235510536327038,120,0
body,0.05,0.24999999999999983,Bishop,0.41416081205243244,0.4081488095862726,0.5261900971474871,120,1
body,0.05,0.24999999999999983,Queen,0.5831675124451209,0.5613154714882366,0.8044286745308415,120,0
body,0.05,0.2999999999999999,Pawn,1.5564082774559522,1.547710984525954,1.798659861303399,120,0
body,0.05,0.2999999999999999,Bishop,0.44534050683332604,0.44005357140213236,0.5360001999999984,120,1
body,0.05,0.2999999999999999,Queen,0.6161196244879187,0.593644548712462,0.8402040053346873,120,0
body,0.07500000000000001,-0.3,Pawn,1.9863644651933967,1.9826938442778381,2.236659861303398,116,0
body,0.07500000000000001,-0.3,Bishop,0.12083567763601961,0.091961803836844,0.2640473980949487,116,1
body,0.07500000000000001,-0.3,Queen,0.2041417029593101,0.17780400775455915,0.3575102369499543,116,0
body,0.07500000000000001,-0.25,Pawn,1.95143016072766,1.9476107763902009,2.193551053632701,117,0
body,0.07500000000000001,-0.25,Bishop,0.12747295619196744,0.0951498251857161,0.26919009714748743,116,1
body,0.07500000000000001,-0.25,Queen,0.23551755229567303,0.21127427764049128,0.39608177965020097,116,0
body,0.07500000000000001,-0.2,Pawn,1.9180334719602907,1.9140541734733234,2.166659861303394,117,0
body,0.07500000000000001,-0.2,Bishop,0.14250400624954274,0.11377083546852242,0.2800001999999999,117,1
body,0.07500000000000001,-0.2,Queen,0.26690964520498867,0.24358223705248508,0.43451023694995783,117,0
body,0.07500000000000001,-0.15000000000000002,Pawn,1.8833107298306946,1.879111901611292,2.1235510536326974,118,0
body,0.07500000000000001,-0.15000000000000002,Bishop,0.16189550321393745,0.13705370943645978,0.3161900971474898,117,1
body,0.07500000000000001,-0.15000000000000002,Queen,0.29929257803711595,0.2770708135438396,0.4730817796502027,117,0
body,0.07500000000000001,-0.10000000000000003,Pawn,1.84992469497299,1.845474347806671,2.0976598613033985,118,0
body,0.07500000000000001,-0.10000000000000003,Bishop,0.1860558122180918,0.16500039647560039,0.3260002000000011,118,1
body,0.07500000000000001,-0.10000000000000003,Queen,0.3311537979884873,0.30922205937451475,0.511510236949956,118,0
body,0.07500000000000001,-0.050000000000000044,Pawn,1.8154220028058812,1.8106699999116758,2.054551053632702,119,0
body,0.07500000000000001,-0.050000000000000044,Bishop,0.2115314573922339,0.1927978073790653,0.36219009714749095,118,1
body,0.07500000000000001,-0.050000000000000044,Queen,0.36393672052206233,0.3425193659714333,0.5500817796502009,118,0
body,0.07500000000000001,-5.551115123125783e-17,Pawn,1.7820591349888515,1.776952850715081,2.0296598613033936,119,0
body,0.07500000000000001,-5.551115123125783e-17,Bishop,0.23974622791840577,0.22305762196718765,0.37200019999999867,119,1
body,0.07500000000000001,-5.551115123125783e-17,Queen,0.39581955292808463,0.37422019332935114,0.5875102369499512,119,0
body,0.07500000000000001,0.04999999999999993,Pawn,1.7477858136199889,1.7422836442607124,1.986551053632697,120,0
body,0.07500000000000001,0.04999999999999993,Bishop,0.26824298646161826,0.2544245720613979,0.40819009714748855,119,1
body,0.07500000000000001,0.04999999999999993,Queen,0.4287064876074371,0.40723769062713655,0.6264286745308407,119,0
body,0.07500000000000001,0.09999999999999992,Pawn,1.7144595897887722,1.7084882310929104,1.9606598613033945,120,0
body,0.07500000000000001,0.09999999999999992,Bishop,0.29840928703426295,0.28731547824022885,0.41900019999999927,120,1
body,0.07500000000000001,0.09999999999999992,Queen,0.46044367298585714,0.43850169171827375,0.6620408237839754,120,0
body,0.07500000000000001,0.1499999999999999,Pawn,1.6812010549007836,1.6746955002237938,1.9175510536327014,120,0
body,0.07500000000000001,0.1499999999999999,Bishop,0.3284435744228069,0.31935516073125797,0.4551900971474865,120,1
body,0.07500000000000001,0.1499999999999999,Queen,0.4933098027948533,0.47124404320524266,0.7024286745308448,120,0
body,0.07500000000000001,0.1999999999999999,Pawn,1.6480031195137934,1.6409000867446095,1.891659861303399,120,0
body,0.07500000000000001,0.1999999999999999,Bishop,0.3588167964974589,0.35136309640213254,0.46500019999999687,120,1
body,0.07500000000000001,0.1999999999999999,Queen,0.5263530401939657,0.5038698891072664,0.7382040053346905,120,0
body,0.07500000000000001,0.24999999999999983,Pawn,1.6146305843549305,1.6068322498345395,1.8485510536327023,120,0
body,0.07500000000000001,0.24999999999999983,Bishop,0.3895468364145926,0.38314880958627373,0.5011900971474867,120,1
body,0.07500000000000001,0.24999999999999983,Queen,0.5591453961153751,0.5363154714882375,0.779428674530843,120,0
body,0.07500000000000001,0.2999999999999999,Pawn,1.581270778633343,1.5727109845259533,1.8236598613033976,120,0
body,0.07500000000000001,0.2999999999999999,Bishop,0.42065483291703426,0.4150535714021334,0.511000199999998,120,1
body,0.07500000000000001,0.2999999999999999,Queen,0.5920693914090747,0.5686445487124632,0.8152040053346887,120,0
body,0.1,-0.3,Pawn,2.0113188411579457,2.0076938442778385,2.2616598613033982,116,0
body,0.1,-0.3,Bishop,0.11751362004463814,0.09496345842902704,0.28904739809494906,116,1
body,0.1,-0.3,Queen,0.18278029023775827,0.15286205955846868,0.33251023694995396,116,0
body,0.1,-0.25,Pawn,1.976381848484015,1.9726107763902014,2.2185510536327016,117,0
body,0.1,-0.25,Bishop,0.11780452315350125,0.08819496810848974,0.25285709371326703,116,1
body,0.1,-0.25,Queen,0.2133771392565764,0.1862742776404911,0.3710817796502006,116,0
body,0.1,-0.2,Pawn,1.9429822717239895,1.9390541734733233,2.1916598613033944,117,0
body,0.1,-0.2,Bishop,0.12761029119086628,0.09797069013354621,0.25500020000000045,117,1
body,0.1,-0.2,Queen,0.24430850752855202,0.21858223705248492,0.4095102369499575,117,0
body,0.1,-0.15000000000000002,Pawn,1.9082557219031173,1.9041119016112922,2.1485510536326977,118,0
body,0.1,-0.15000000000000002,Bishop,0.14354631619230132,0.11697432180818003,0.29119009714749033,117,1
body,0.1,-0.15000000000000002,Queen,0.2763105256607338,0.2520708135438394,0.44808177965020235,117,0
body,0.1,-0.10000000000000003,Pawn,1.8748653536884305,1.8704743478066717,2.122659861303399,118,0
body,0.1,-0.10000000000000003,Bishop,0.1654328155510734,0.14320297836421517,0.3010002000000016,118,1
body,0.1,-0.10000000000000003,Queen,0.3079394988524109,0.28422205937451456,0.48651023694995565,118,0
body,0.1,-0.050000000000000044,Pawn,1.8403574512217187,1.8356699999116757,2.079551053632702,119,0
body,0.1,-0.050000000000000044,Bishop,0.1894770972367597,0.17017068794081716,0.3371900971474915,118,1
body,0.1,-0.050000000000000044,Queen,0.3405128018823696,0.3175193659714331,0.5250817796502005,118,0
body,0.1,-5.551115123125783e-17,Pawn,1.806988490038874,1.801952850715081,2.054659861303394,119,0
body,0.1,-5.551115123125783e-17,Bishop,0.21675392811072655,0.19930370689928067,0.3470001999999992,119,1
body,0.1,-5.551115123125783e-17,Queen,0.3722728956205663,0.34922019332935095,0.5625102369499508,119,0
body,0.1,0.04999999999999993,Pawn,1.7727082197881079,1.7672836442607125,2.0115510536326973,120,0
body,0.1,0.04999999999999993,Bishop,0.24465909176398484,0.22942457206139766,0.3831900971474891,119,1
body,0.1,0.04999999999999993,Queen,0.40503378622696234,0.38223769062713636,0.6014286745308404,119,0
body,0.1,0.09999999999999992,Pawn,1.73937376563329,1.7334882310929107,1.985659861303395,120,0
body,0.1,0.09999999999999992,Bishop,0.27442180794588034,0.26231547824022866,0.3940001999999998,120,1
body,0.1,0.09999999999999992,Queen,0.43670160453883505,0.41350169171827367,0.6370408237839751,120,0
body,0.1,0.1499999999999999,Pawn,1.7061057300210614,1.699695500223794,1.9425510536327018,120,0
body,0.1,0.1499999999999999,Bishop,0.3041914258210887,0.29435516073125784,0.430190097147487,120,1
body,0.1,0.1499999999999999,Queen,0.4694862717622686,0.44624404320524247,0.6774286745308444,120,0
body,0.1,0.1999999999999999,Pawn,1.672896974193099,1.6659000867446097,1.9166598613033994,120,0
body,0.1,0.1999999999999999,Bishop,0.33437454841628145,0.3263630964021323,0.4400001999999974,120,1
body,0.1,0.1999999999999999,Queen,0.5024729131665376,0.4788698891072662,0.7132040053346902,120,0
body,0.1,0.24999999999999983,Pawn,1.6395116762091302,1.6318322498345401,1.8735510536327027,120,0
body,0.1,0.24999999999999983,Bishop,0.36498533844704445,0.35814880958627354,0.4761900971474873,120,1
body,0.1,0.24999999999999983,Queen,0.5352128552478981,0.5113154714882373,0.7544286745308426,120,0
body,0.1,0.2999999999999999,Pawn,1.6061375484640155,1.5977109845259534,1.848659861303398,120,0
body,0.1,0.2999999999999999,Bishop,0.3960085982480067,0.3900535714021333,0.48600019999999855,120,1
body,0.1,0.2999999999999999,Queen,0.5681011677578992,0.5436445487124629,0.7902040053346884,120,0
body,0.125,-0.3,Pawn,2.036274336382707,2.032693844277839,2.2866598613033986,116,0
body,0.125,-0.3,Bishop,0.11944723019909287,0.10229434998895619,0.3140473980949494,116,1
body,0.125,-0.3,Queen,0.16246056171166934,0.1291238574454017,0.3075102369499536,116,0
body,0.125,-0.25,Pawn,2.0013347420750494,1.9976107763902016,2.243551053632702,117,0
body,0.125,-0.25,Bishop,0.11294448543655568,0.08846345802851623,0.2778570937132674,116,1
body,0.125,-0.25,Queen,0.1919403284234341,0.16127427764049074,0.34608177965020026,116,0
body,0.125,-0.2,Pawn,1.9679323710197416,1.9640541734733237,2.2166598613033948,117,0
body,0.125,-0.2,Bishop,0.11623846625995035,0.08683068155959887,0.24166682984070498,117,1
body,0.125,-0.2,Queen,0.22222181485669712,0.1935822370524845,0.3845102369499571,117,0
body,0.125,-0.15000000000000002,Pawn,1.9332021351262145,1.9291119016112928,2.173551053632698,118,0
body,0.125,-0.15000000000000002,Bishop,0.1274791583901707,0.09994992111800308,0.26619009714749,117,1
body,0.125,-0.15000000000000002,Queen,0.2537103977248842,0.227070813543839,0.423081779650202,117,0
body,0.125,-0.10000000000000003,Pawn,1.8998075723218861,1.8954743478066718,2.1476598613033993,118,0
body,0.125,-0.10000000000000003,Bishop,0.1461823096758874,0.12236356853475762,0.27600020000000125,118,1
body,0.125,-0.10000000000000003,Queen,0.28502742321529007,0.25922205937451415,0.4615102369499553,118,0
body,0.125,-0.050000000000000044,Pawn,1.8652946277365638,1.8606699999116756,2.1045510536327026,119,0
body,0.125,-0.050000000000000044,Bishop,0.16824857588715114,0.14812226731126404,0.31219009714749113,118,1
body,0.125,-0.050000000000000044,Queen,0.31732948168616487,0.2925193659714327,0.5000817796502002,118,0
body,0.125,-5.551115123125783e-17,Pawn,1.8319197705327395,1.8269528507150812,2.0796598613033943,119,0
body,0.125,-5.551115123125783e-17,Bishop,0.19425827370219215,0.17642535413948246,0.32200019999999885,119,1
body,0.125,-5.551115123125783e-17,Queen,0.3489285014831166,0.3242201933293506,0.5375102369499505,119,0
body,0.125,0.04999999999999993,Pawn,1.7976327808307677,1.7922836442607126,2.0365510536326976,120,0
body,0.125,0.04999999999999993,Bishop,0.22138618425662412,0.20514405065174712,0.35819009714748873,119,1
body,0.125,0.04999999999999993,Queen,0.3815304489211727,0.3572376906271359,0.57642867453084,119,0
body,0.125,0.09999999999999992,Pawn,1.7642903695616483,1.7584882310929109,2.0106598613033952,120,0
body,0.125,0.09999999999999992,Bishop,0.2506323098969365,0.2373154782402283,0.36900019999999945,120,1
body,0.125,0.09999999999999992,Queen,0.4131079844554921,0.3885016917182733,0.6120408237839747,120,0
body,0.125,0.1499999999999999,Pawn,1.731013153335898,1.7246955002237943,1.967551053632702,120,0
body,0.125,0.1499999999999999,Bishop,0.2800708223048303,0.2693551607312574,0.40519009714748666,120,1
body,0.125,0.1499999999999999,Queen,0.4457916073828357,0.4212440432052421,0.6524286745308441,120,0
body,0.125,0.1999999999999999,Pawn,1.6977939482168198,1.69090008674461,1.9416598613033997,120,0
body,0.125,0.1999999999999999,Bishop,0.31002126347798353,0.30136309640213194,0.41500019999999704,120,1
body,0.125,0.1999999999999999,Queen,0.4787071484850663,0.45386988910726583,0.6882040053346898,120,0
body,0.125,0.24999999999999983,Pawn,1.664396331682391,1.6568322498345402,1.898551053632703,120,0
body,0.125,0.24999999999999983,Bishop,0.34048767496341137,0.3331488095862732,0.4511900971474869,120,1
body,0.125,0.24999999999999983,Queen,0.5113824663089216,0.486315471488237,0.7294286745308423,120,0
body,0.125,0.2999999999999999,Pawn,1.6310083917050506,1.622710984525954,1.8736598613033983,120,0
body,0.125,0.2999999999999999,Bishop,0.3714096543121143,0.36505357140213296,0.4610001999999982,120,1
body,0.125,0.2999999999999999,Queen,0.5442257889628763,0.5186445487124625,0.765204005334688,120,0
body,0.15000000000000002,-0.3,Pawn,2.0612309102147504,2.057693844277839,2.311659861303399,116,0
body,0.15000000000000002,-0.3,Bishop,0.1263955327868617,0.11080994315589537,0.33904739809494977,116,1
body,0.15000000000000002,-0.3,Queen,0.1436253241038749,0.10897007645052022,0.28251023694995325,116,0
body,0.15000000000000002,-0.25,Pawn,2.0262887969527235,2.022610776390202,2.2685510536327023,117,0
body,0.15000000000000002,-0.25,Bishop,0.11351214871383988,0.09483539064368894,0.30285709371326774,116,1
body,0.15000000000000002,-0.25,Queen,0.17147120980873465,0.1368467611827233,0.3210817796501999,116,0
body,0.15000000000000002,-0.2,Pawn,1.9928837210386987,1.9890541734733238,2.241659861303395,117,0
body,0.15000000000000002,-0.2,Bishop,0.10949144103131339,0.08408464613848746,0.26666682984070533,117,1
body,0.15000000000000002,-0.2,Queen,0.20081937940741632,0.1685822370524842,0.35951023694995676,117,0
body,0.15000000000000002,-0.15000000000000002,Pawn,1.9581499151845143,1.954111901611293,2.1985510536326984,118,0
body,0.15000000000000002,-0.15000000000000002,Bishop,0.11465743218541197,0.08620186582673434,0.24119009714748962,117,1
body,0.15000000000000002,-0.15000000000000002,Queen,0.23160402681414416,0.2020708135438387,0.39808177965020164,117,0
body,0.15000000000000002,-0.10000000000000003,Pawn,1.9247512902299648,1.9204743478066724,2.1726598613033996,118,0
body,0.15000000000000002,-0.10000000000000003,Bishop,0.12892059130797784,0.10387607926700453,0.2510002000000009,118,1
body,0.15000000000000002,-0.10000000000000003,Queen,0.2624967219148121,0.23422205937451385,0.43651023694995494,118,0
body,0.15000000000000002,-0.050000000000000044,Pawn,1.890233463955834,1.8856699999116762,2.129551053632703,119,0
body,0.15000000000000002,-0.050000000000000044,Bishop,0.14820120174560145,0.12681313858592738,0.2871900971474908,118,1
body,0.15000000000000002,-0.050000000000000044,Queen,0.2944435967186894,0.2675193659714324,0.4750817796501998,118,0
body,0.15000000000000002,-5.551115123125783e-17,Pawn,1.8568528989137723,1.8519528507150815,2.1046598613033947,119,0
body,0.15000000000000002,-5.551115123125783e-17,Bishop,0.1724537284377511,0.1541176298316243,0.2970001999999985,119,1
body,0.15000000000000002,-5.551115123125783e-17,Queen,0.32582984743694915,0.29922019332935024,0.5125102369499501,119,0
body,0.15000000000000002,0.04999999999999993,Pawn,1.8225594083404786,1.817283644260713,2.061551053632698,120,0
body,0.15000000000000002,0.04999999999999993,Bishop,0.19853365955584942,0.18183351715836377,0.3331900971474884,119,1
body,0.15000000000000002,0.04999999999999993,Queen,0.3582298130008647,0.3322376906271356,0.5514286745308397,119,0
body,0.15000000000000002,0.09999999999999992,Pawn,1.7892093001330573,1.7834882310929112,2.0356598613033956,120,0
body,0.15000000000000002,0.09999999999999992,Bishop,0.22710301814873016,0.21252023527514072,0.3440001999999991,120,1
body,0.15000000000000002,0.09999999999999992,Queen,0.3896897769187244,0.36350169171827296,0.5870408237839744,120,0
body,0.15000000000000002,0.1499999999999999,Pawn,1.7559232078975096,1.7496955002237944,1.9925510536327025,120,0
body,0.15000000000000002,0.1499999999999999,Bishop,0.2561189322754973,0.24435516073125704,0.3801900971474863,120,1
body,0.15000000000000002,0.1499999999999999,Queen,0.42224750449553866,0.39624404320524176,0.6274286745308437,120,0
body,0.15000000000000002,0.1999999999999999,Pawn,1.7226939063393965,1.7159000867446106,1.9666598613034,120,0
body,0.15000000000000002,0.1999999999999999,Bishop,0.2857796861016866,0.2763630964021316,0.3900001999999967,120,1
body,0.15000000000000002,0.1999999999999999,Queen,0.4550736638779921,0.4288698891072655,0.6632040053346895,120,0
body,0.15000000000000002,0.24999999999999983,Pawn,1.6892843932889239,1.6818322498345408,1.9235510536327034,120,0
body,0.15000000000000002,0.24999999999999983,Bishop,0.31606868924756815,0.30814880958627283,0.42619009714748657,120,1
body,0.15000000000000002,0.24999999999999983,Queen,0.48766920476259634,0.46131547148823665,0.7044286745308419,120,0
body,0.15000000000000002,0.2999999999999999,Pawn,1.6558831248124353,1.647710984525954,1.8986598613033987,120,0
body,0.15000000000000002,0.2999999999999999,Bishop,0.3468680624475787,0.3400535714021326,0.43600019999999784,120,1
body,0.15000000000000002,0.2999999999999999,Queen,0.5204560326642796,0.4936445487124621,0.7402040053346877,120,0
body,0.17500000000000002,-0.3,Pawn,2.086188523944713,2.0826938442778395,2.3366598613033993,116,0
body,0.17500000000000002,-0.3,Bishop,0.1376009469978831,0.12044787015101341,0.3640473980949501,116,0
body,0.17500000000000002,-0.3,Queen,0.12693712355420358,0.09572236793317125,0.2575102369499529,116,1
body,0.17500000000000002,-0.25,Pawn,2.051243970734741,2.047610776390202,2.2935510536327026,117,0
body,0.17500000000000002,-0.25,Bishop,0.11943014284818358,0.10335673847511628,0.3278570937132681,116,1
body,0.17500000000000002,-0.25,Queen,0.15236030293763042,0.11556702559808393,0.29608177965019955,116,0
body,0.17500000000000002,-0.2,Pawn,2.0178362753837877,2.0140541734733244,2.2666598613033955,117,0
body,0.17500000000000002,-0.2,Bishop,0.1082375640882666,0.08807856212716425,0.2916668298407057,117,1
body,0.17500000000000002,-0.2,Queen,0.1803449785631846,0.14411913840475257,0.3345102369499564,117,0
body,0.17500000000000002,-0.15000000000000002,Pawn,1.9830990104928412,1.9791119016112932,2.223551053632699,118,0
body,0.17500000000000002,-0.15000000000000002,Bishop,0.10626249426226803,0.08051972469194675,0.25547619263507926,117,1
body,0.17500000000000002,-0.15000000000000002,Queen,0.21014729253391484,0.17707081354383847,0.3730817796502013,117,0
body,0.17500000000000002,-0.10000000000000003,Pawn,1.9496964498691198,1.9454743478066723,2.1976598613034,118,0
body,0.17500000000000002,-0.10000000000000003,Bishop,0.11455029491110161,0.08872518367593493,0.22600020000000143,118,1
body,0.17500000000000002,-0.10000000000000003,Queen,0.24045462367626946,0.2092220593745136,0.4115102369499546,118,0
body,0.17500000000000002,-0.050000000000000044,Pawn,1.9151738950429686,1.9106699999116763,2.1545510536327033,119,0
body,0.17500000000000002,-0.050000000000000044,Bishop,0.12988305936351574,0.1070496115415602,0.2621900971474913,118,1
body,0.17500000000000002,-0.050000000000000044,Queen,0.2719302545691936,0.24251936597143217,0.45008177965019946,118,0
body,0.17500000000000002,-5.551115123125783e-17,Pawn,1.8817878017301084,1.8769528507150817,2.129659861303395,119,0
body,0.17500000000000002,-5.551115123125783e-17,Bishop,0.15163871538102508,0.13245497007970902,0.272000199999999,119,1
body,0.17500000000000002,-5.551115123125783e-17,Queen,0.3030331331955598,0.27422019332935,0.48751023694994977,119,0
body,0.17500000000000002,0.04999999999999993,Pawn,1.8474880186738512,1.8422836442607133,2.0865510536326983,120,0
body,0.17500000000000002,0.04999999999999993,Bishop,0.1762650997037362,0.1592304766888096,0.3081900971474889,119,1
body,0.17500000000000002,0.04999999999999993,Queen,0.3351741553152294,0.30723769062713535,0.5264286745308393,119,0
body,0.17500000000000002,0.09999999999999992,Pawn,1.8141304614710794,1.8084882310929116,2.060659861303396,120,0
body,0.17500000000000002,0.09999999999999992,Bishop,0.20392402246976943,0.18830039109735106,0.3190001999999996,120,1
body,0.17500000000000002,0.09999999999999992,Queen,0.3664806101952071,0.3385016917182727,0.562040823783974,120,0
body,0.17500000000000002,0.1499999999999999,Pawn,1.7808357832894843,1.774695500223795,2.017551053632703,120,0
body,0.17500000000000002,0.1499999999999999,Bishop,0.23238792876003236,0.21935516073125688,0.35519009714748684,120,1
body,0.17500000000000002,0.1499999999999999,Queen,0.3988806248646926,0.37124404320524157,0.6024286745308434,120,0
body,0.17500000000000002,0.1999999999999999,Pawn,1.747596721007487,1.7409000867446105,1.9916598613034004,120,0
body,0.17500000000000002,0.1999999999999999,Bishop,0.26168086320606604,0.25136309640213145,0.3650001999999972,120,1
body,0.17500000000000002,0.1999999999999999,Queen,0.43159419029914686,0.4038698891072653,0.6382040053346891,120,0
body,0.17500000000000002,0.24999999999999983,Pawn,1.7141757126681196,1.706832249834541,1.9485510536327038,120,0
body,0.17500000000000002,0.24999999999999983,Bishop,0.2917481376861934,0.2831488095862726,0.4011900971474871,120,1
body,0.17500000000000002,0.24999999999999983,Queen,0.4640910252303648,0.4363154714882365,0.6794286745308415,120,0
body,0.17500000000000002,0.2999999999999999,Pawn,1.6807615750798484,1.6727109845259542,1.923659861303399,120,0
body,0.17500000000000002,0.2999999999999999,Bishop,0.3223969202334765,0.31505357140213236,0.4110001999999984,120,1
body,0.17500000000000002,0.2999999999999999,Queen,0.4968070596328301,0.4686445487124619,0.7152040053346873,120,0
body,0.2,-0.3,Pawn,2.1111471406921183,2.107693844277838,2.361659861303398,116,0
body,0.2,-0.3,Bishop,0.15212564057696998,0.13134935275635204,0.3890473980949487,116,0
body,0.2,-0.3,Queen,0.11334828163006011,0.08972481912547227,0.23251023694995432,116,1
body,0.2,-0.25,Pawn,2.0762002230746273,2.072610776390201,2.318551053632701,117,0
body,0.2,-0.25,Bishop,0.1299696508260366,0.11307265732790783,0.3528570937132667,116,1
body,0.2,-0.25,Queen,0.1351848661249559,0.10108848377671992,0.27108177965020097,116,0
body,0.2,-0.2,Pawn,2.0427899899226984,2.0390541734733234,2.291659861303394,117,0
body,0.2,-0.2,Bishop,0.11266039632634645,0.09633863449508076,0.31666682984070427,117,1
body,0.2,-0.2,Queen,0.1611527208592261,0.12274689651550044,0.30951023694995783,117,0
body,0.2,-0.15000000000000002,Pawn,2.0080493720270542,2.004111901611292,2.2485510536326974,118,0
body,0.2,-0.15000000000000002,Bishop,0.1033784727026117,0.0815710036196327,0.28047619263507784,117,1
body,0.2,-0.15000000000000002,Queen,0.18956092393250054,0.15213640320032804,0.3480817796502027,117,0
body,0.2,-0.10000000000000003,Pawn,1.974642996600291,1.970474347806671,2.2226598613033985,118,0
body,0.2,-0.10000000000000003,Bishop,0.10427378033447349,0.07894066368247472,0.24428542209476767,118,1
body,0.2,-0.10000000000000003,Queen,0.21904867741799128,0.18422205937451475,0.386510236949956,118,0
body,0.2,-0.050000000000000044,Pawn,1.9401158594912924,1.9356699999116758,2.179551053632702,119,0
body,0.2,-0.050000000000000044,Bishop,0.11412984719350469,0.09057583919192268,0.23719009714749095,118,1
body,0.2,-0.050000000000000044,Queen,0.24989016597596514,0.2175193659714333,0.4250817796502009,118,0
body,0.2,-5.551115123125783e-17,Pawn,1.9067244093670128,1.901952850715081,2.1546598613033936,119,0
body,0.2,-5.551115123125783e-17,Bishop,0.13228118366847802,0.11225207738336096,0.24700019999999867,119,1
body,0.2,-5.551115123125783e-17,Queen,0.2806119565304569,0.24922019332935116,0.4625102369499512,119,0
body,0.2,0.04999999999999993,Pawn,1.872418532635389,1.8672836442607121,2.111551053632697,120,0
body,0.2,0.04999999999999993,Bishop,0.15483267345911986,0.1372452855521069,0.28319009714748855,119,1
body,0.2,0.04999999999999993,Queen,0.3124177169430721,0.28223769062713655,0.5014286745308407,119,0
body,0.2,0.09999999999999992,Pawn,1.839053762887837,1.8334882310929104,2.0856598613033945,120,0
body,0.2,0.09999999999999992,Bishop,0.18122977963966058,0.16535910737878243,0.29400019999999927,120,1
body,0.2,0.09999999999999992,Queen,0.34352285668225707,0.31350169171827375,0.5370408237839754,120,0
body,0.2,0.1499999999999999,Pawn,1.8057507751778636,1.7996955002237938,2.0425510536327014,120,0
body,0.2,0.1499999999999999,Bishop,0.20895308420029465,0.1944797639418426,0.3301900971474865,120,1
body,0.2,0.1499999999999999,Queen,0.37572403534001714,0.34624404320524266,0.5774286745308448,120,0
body,0.2,0.1999999999999999,Pawn,1.7725022718217731,1.7659000867446095,2.016659861303399,120,0
body,0.2,0.1999999999999999,Bishop,0.23776820508252514,0.22636309640213254,0.34000019999999687,120,1
body,0.2,0.1999999999999999,Queen,0.4082952983376295,0.37886988910726643,0.6132040053346905,120,0
body,0.2,0.24999999999999983,Pawn,1.7390701499344352,1.7318322498345395,1.9735510536327023,120,0
body,0.2,0.24999999999999983,Bishop,0.26755286461566613,0.25814880958627373,0.37619009714748675,120,1
body,0.2,0.24999999999999983,Queen,0.44066961107496433,0.4113154714882376,0.654428674530843,120,0
body,0.2,0.2999999999999999,Pawn,1.7056435798522467,1.6977109845259533,1.9486598613033976,120,0
body,0.2,0.2999999999999999,Bishop,0.2980135829218605,0.2900535714021334,0.386000199999998,120,1
body,0.2,0.2999999999999999,Queen,0.47329697555065403,0.44364454871246306,0.6902040053346887,120,0
body,0.225,-0.3,Pawn,2.136106725298715,2.1326938442778385,2.3866598613033982,116,0
body,0.225,-0.3,Bishop,0.16911652913654845,0.14373850628017418,0.41404739809494906,116,0
body,0.225,-0.3,Queen,0.1040799335163096,0.08881173771070336,0.20751023694995396,116,1
body,0.225,-0.25,Pawn,2.101157515541051,2.0976107763902014,2.3435510536327016,117,0
body,0.225,-0.25,Bishop,0.14412030131437584,0.12405459972087975,0.37785709371326703,116,0
body,0.225,-0.25,Queen,0.12077348279816075,0.09451740545390605,0.24608177965020062,116,1
body,0.225,-0.2,Pawn,2.067744822651491,2.064054173473323,2.3166598613033944,117,0
body,0.225,-0.2,Bishop,0.12214483010368253,0.10575133134494143,0.3416668298407046,117,1
body,0.225,-0.2,Queen,0.14375704361076477,0.10778493100648766,0.2845102369499575,117,0
body,0.225,-0.15000000000000002,Pawn,2.0330009531672166,2.029111901611292,2.2735510536326977,118,0
body,0.225,-0.15000000000000002,Bishop,0.10645421339623344,0.08886813551921799,0.3054761926350782,117,1
body,0.225,-0.15000000000000002,Queen,0.17016110955488975,0.1298512106412455,0.32308177965020235,117,0
body,0.225,-0.10000000000000003,Pawn,1.999590878508129,1.9954743478066717,2.247659861303399,118,0
body,0.225,-0.10000000000000003,Bishop,0.09936937388483287,0.07697941877738157,0.269285422094768,118,1
body,0.225,-0.10000000000000003,Queen,0.1984848107786723,0.1595447912388142,0.36151023694995565,118,0
body,0.225,-0.050000000000000044,Pawn,1.9650592989131959,1.9606699999116757,2.204551053632702,119,0
body,0.225,-0.050000000000000044,Bishop,0.10213537551308463,0.07762590352339485,0.21447619263508066,118,1
body,0.225,-0.050000000000000044,Queen,0.2284603395623048,0.19251936597143313,0.40008177965020053,118,0
body,0.225,-5.551115123125783e-17,Pawn,1.9316626557998524,1.926952850715081,2.179659861303394,119,0
body,0.225,-5.551115123125783e-17,Bishop,0.11511873480480711,0.09415643203613759,0.2220001999999992,119,1
body,0.225,-5.551115123125783e-17,Queen,0.2586639914665033,0.22422019332935095,0.43751023694995084,119,0
body,0.225,0.04999999999999993,Pawn,1.8973508751861106,1.8922836442607125,2.1365510536326973,120,0
body,0.225,0.04999999999999993,Bishop,0.13463628102197617,0.11640694289553047,0.2581900971474891,119,1
body,0.225,0.04999999999999993,Queen,0.29003093857132645,0.25723769062713625,0.47642867453084037,119,0
body,0.225,0.09999999999999992,Pawn,1.8639791185382306,1.8584882310929107,2.110659861303395,120,0
body,0.225,0.09999999999999992,Bishop,0.15922769582025756,0.1430726021999623,0.2690001999999998,120,1
body,0.225,0.09999999999999992,Queen,0.3208704855190403,0.28850169171827367,0.5120408237839751,120,0
body,0.225,0.1499999999999999,Pawn,1.8306680848986925,1.824695500223794,2.0675510536327018,120,0
body,0.225,0.1499999999999999,Bishop,0.18592641920999953,0.17080039012594278,0.305190097147487,120,1
body,0.225,0.1499999999999999,Queen,0.3528191442820586,0.32124404320524247,0.5524286745308444,120,0
body,0.225,0.1999999999999999,Pawn,1.797410445043251,1.7909000867446097,2.0416598613033994,120,0
body,0.225,0.1999999999999999,Bishop,0.21410409741071992,0.20136309640213235,0.3150001999999974,120,1
body,0.225,0.1999999999999999,Queen,0.3852097560930284,0.3538698891072662,0.5882040053346902,120,0
body,0.225,0.24999999999999983,Pawn,1.7639675730819733,1.7568322498345401,1.9985510536327027,120,0
body,0.225,0.24999999999999983,Bishop,0.24352021452999587,0.23314880958627354,0.3511900971474873,120,1
body,0.225,0.24999999999999983,Queen,0.41743135070397885,0.38631547148823736,0.6294286745308426,120,0
body,0.225,0.2999999999999999,Pawn,1.7305289858067925,1.7227109845259534,1.973659861303398,120,0
body,0.225,0.2999999999999999,Bishop,0.27374151500241584,0.26505357140213326,0.36100019999999855,120,1
body,0.225,0.2999999999999999,Queen,0.44994755208776616,0.4186445487124628,0.6652040053346884,120,0
body,0.25,-0.3,Pawn,2.161067244229178,2.157693844277839,2.4116598613033986,116,0
body,0.25,-0.3,Bishop,0.18790580175564733,0.15800041984996002,0.4390473980949494,116,0
body,0.25,-0.3,Queen,0.10033659438625314,0.08968119666577125,0.1825102369499536,116,1
body,0.25,-0.25,Pawn,2.126115811505609,2.1226107763902013,2.368551053632702,117,0
body,0.25,-0.25,Bishop,0.16093232231609378,0.13661945482323362,0.4028570937132674,116,0
body,0.25,-0.25,Queen,0.11021578954565923,0.09325631349226716,0.22108177965020026,116,1
body,0.25,-0.2,Pawn,2.0927007335679204,2.0890541734733237,2.3416598613033948,117,0
body,0.25,-0.2,Bishop,0.13563316018476265,0.11648027136391062,0.366666829840705,117,0
body,0.25,-0.2,Queen,0.128887453753587,0.10039804042681921,0.2595102369499571,117,1
body,0.25,-0.15000000000000002,Pawn,2.057953709552131,2.0541119016112925,2.298551053632698,118,0
body,0.25,-0.15000000000000002,Bishop,0.11501256662337807,0.09840943968096104,0.33047619263507855,117,1
body,0.25,-0.15000000000000002,Queen,0.15240164870420253,0.11366022296227062,0.298081779650202,117,0
body,0.25,-0.10000000000000003,Pawn,2.024540046233526,2.020474347806672,2.2726598613033993,118,0
body,0.25,-0.10000000000000003,Bishop,0.10062566107750727,0.08193988200257561,0.2942854220947684,118,1
body,0.25,-0.10000000000000003,Queen,0.17905339187270242,0.13743513540743388,0.3365102369499553,118,0
body,0.25,-0.050000000000000044,Pawn,1.990004157845105,1.9856699999116756,2.2295510536327026,119,0
body,0.25,-0.050000000000000044,Bishop,0.09532915525685132,0.07331515562980928,0.23947619263508102,118,1
body,0.25,-0.050000000000000044,Queen,0.20782963805567253,0.16751936597143274,0.3750817796502002,118,0
body,0.25,-5.551115123125783e-17,Pawn,1.9566024783658775,1.9519528507150812,2.2046598613033943,119,0
body,0.25,-5.551115123125783e-17,Bishop,0.10127356344765089,0.07934771351096492,0.20328542209477085,119,1
body,0.25,-5.551115123125783e-17,Queen,0.2373205655119582,0.1992201933293506,0.4125102369499505,119,0
body,0.25,0.04999999999999993,Pawn,1.9222849751747364,1.9172836442607126,2.1615510536326976,120,0
body,0.25,0.04999999999999993,Bishop,0.11632153525619665,0.09748298142190964,0.23319009714748873,119,1
body,0.25,0.04999999999999993,Queen,0.2681064355758876,0.23223769062713592,0.45142867453084,119,0
body,0.25,0.09999999999999992,Pawn,1.8889064471013925,1.883488231092911,2.1356598613033952,120,0
body,0.25,0.09999999999999992,Bishop,0.13824863545155502,0.12190990360089217,0.24400019999999945,120,1
body,0.25,0.09999999999999992,Queen,0.2985930071038349,0.26350169171827326,0.48704082378397473,120,0
body,0.25,0.1499999999999999,Pawn,1.8555876190786136,1.8496955002237943,2.092551053632702,120,0
body,0.25,0.1499999999999999,Bishop,0.1634805044147145,0.14821942927936324,0.28019009714748666,120,1
body,0.25,0.1499999999999999,Queen,0.33021833142886203,0.2962440432052421,0.5274286745308441,120,0
body,0.25,0.1999999999999999,Pawn,1.8223211331397684,1.81590008674461,2.0666598613033997,120,0
body,0.25,0.1999999999999999,Bishop,0.19078105175292515,0.17685754149628324,0.29000019999999704,120,1
body,0.25,0.1999999999999999,Queen,0.362378340597071,0.32886988910726583,0.5632040053346898,120,0
body,0.25,0.24999999999999983,Pawn,1.7888678574384511,1.7818322498345402,2.023551053632703,120,0
body,0.25,0.24999999999999983,Bishop,0.21970356029300342,0.2081488095862732,0.3261900971474869,120,1
body,0.25,0.24999999999999983,Queen,0.3944086192974693,0.361315471488237,0.6044286745308423,120,0
body,0.25,0.2999999999999999,Pawn,1.7554176482944976,1.747710984525954,1.9986598613033983,120,0
body,0.25,0.2999999999999999,Bishop,0.24961317766838956,0.24005357140213288,0.3360001999999982,120,1
body,0.25,0.2999999999999999,Queen,0.4267851592946381,0.39364454871246246,0.640204005334688,120,0
body,0.275,-0.3,Pawn,2.186028665478609,2.182693844277839,2.436659861303399,116,0
body,0.275,-0.3,Bishop,0.20800668316107604,0.1752573965396566,0.46404739809494977,116,0
body,0.275,-0.3,Queen,0.10272405650724455,0.09277268052224776,0.17836700462676802,116,1
body,0.275,-0.25,Pawn,2.1510750760384134,2.147610776390202,2.3935510536327023,117,0
body,0.275,-0.25,Bishop,0.1796601332548647,0.1512450712546197,0.42785709371326774,116,0
body,0.275,-0.25,Queen,0.10468431775174591,0.0937464672428411,0.1960817796501999,116,1
body,0.275,-0.2,Pawn,2.11765768455371,2.114054173473324,2.366659861303395,117,0
body,0.275,-0.2,Bishop,0.152063633924596,0.12872079964393923,0.39166682984070533,117,0
body,0.275,-0.2,Queen,0.11750686738424597,0.098375177672729,0.23451023694995676,117,1
body,0.275,-0.15000000000000002,Pawn,2.0829075989443084,2.0791119016112924,2.3235510536326984,118,0
body,0.275,-0.15000000000000002,Bishop,0.1279581236685783,0.10923769025860824,0.3554761926350789,117,1
body,0.275,-0.15000000000000002,Queen,0.1369223204980369,0.10556305051873889,0.27308177965020164,117,0
body,0.275,-0.10000000000000003,Pawn,2.0494904528183544,2.0454743478066724,2.2976598613033996,118,0
body,0.275,-0.10000000000000003,Bishop,0.10782752370479003,0.09115214437763483,0.31928542209476873,118,1
body,0.275,-0.10000000000000003,Queen,0.1611645561914708,0.1207855523689442,0.31151023694995494,118,0
body,0.275,-0.050000000000000044,Pawn,2.0149503835668985,2.010669999911676,2.254551053632703,119,0
body,0.275,-0.050000000000000044,Bishop,0.09483491315317873,0.07537085340330307,0.2644761926350814,118,1
body,0.275,-0.050000000000000044,Queen,0.18826096290994615,0.1450932138244801,0.3500817796501998,118,0
body,0.275,-5.551115123125783e-17,Pawn,1.9815438175531848,1.9769528507150815,2.2296598613033947,119,0
body,0.275,-5.551115123125783e-17,Bishop,0.09225153767667654,0.07140015054754742,0.2282854220947712,119,1
body,0.275,-5.551115123125783e-17,Queen,0.21676033112275866,0.174989524824159,0.3875102369499501,119,0
body,0.275,0.04999999999999993,Pawn,1.947220765089458,1.942283644260713,2.186551053632698,120,0
body,0.275,0.04999999999999993,Bishop,0.10091813990204485,0.08126887075799528,0.20819009714748837,119,1
body,0.275,0.04999999999999993,Queen,0.24676745382211696,0.20765785869436246,0.42642867453083966,119,0
body,0.275,0.09999999999999992,Pawn,1.9138356714869365,1.9084882310929112,2.1606598613033956,120,0
body,0.275,0.09999999999999992,Bishop,0.11883564823825163,0.1022916514760403,0.2190001999999991,120,1
body,0.275,0.09999999999999992,Queen,0.2767809590730493,0.23891835838493958,0.4620408237839744,120,0
body,0.275,0.1499999999999999,Pawn,1.8805092892854927,1.8746955002237944,2.1175510536327025,120,0
body,0.275,0.1499999999999999,Bishop,0.14189121638468863,0.12655037188675394,0.2551900971474863,120,1
body,0.275,0.1499999999999999,Queen,0.307988545649671,0.27166070987190843,0.5024286745308437,120,0
body,0.275,0.1999999999999999,Pawn,1.8472342343690584,1.8409000867446106,2.0916598613034,120,0
body,0.275,0.1999999999999999,Bishop,0.1679412245038293,0.15347816107722506,0.2650001999999967,120,1
body,0.275,0.1999999999999999,Queen,0.33985227272820073,0.3042865557739321,0.5382040053346895,120,0
body,0.275,0.24999999999999983,Pawn,1.8137708851638794,1.8068322498345408,2.0485510536327034,120,0
body,0.275,0.24999999999999983,Bishop,0.19618158406463027,0.18356547625293948,0.30119009714748657,120,1
body,0.275,0.24999999999999983,Queen,0.37164147427557653,0.3367321381549033,0.5794286745308419,120,0
body,0.275,0.2999999999999999,Pawn,1.7803094307367142,1.772710984525954,2.0236598613033987,120,0
body,0.275,0.2999999999999999,Bishop,0.22567467712529074,0.21547023806879922,0.31100019999999784,120,1
body,0.275,0.2999999999999999,Queen,0.4038419799358732,0.36906121537912884,0.6152040053346877,120,0
body,0.30000000000000004,-0.3,Pawn,2.2109909584862804,2.2076938442778395,2.4616598613033993,116,0
body,0.30000000000000004,-0.3,Bishop,0.22907415861661903,0.19692487512969256,0.4890473980949501,116,0
body,0.30000000000000004,-0.3,Queen,0.11084688266963424,0.09915869324356874,0.20336700462676838,116,1
body,0.30000000000000004,-0.25,Pawn,2.176035275810844,2.172610776390202,2.4185510536327026,117,0
body,0.30000000000000004,-0.25,Bishop,0.19976564918989562,0.16901107565529153,0.4528570937132681,116,0
body,0.30000000000000004,-0.25,Queen,0.10497662835662024,0.0953601179398469,0.17108177965019955,116,1
body,0.30000000000000004,-0.2,Pawn,2.1426156392650193,2.1390541734733244,2.3916598613033955,117,0
body,0.30000000000000004,-0.2,Bishop,0.17058822756275308,0.14272447039907765,0.4166668298407057,117,0
body,0.30000000000000004,-0.2,Queen,0.11069666675123747,0.09839210013023308,0.2095102369499564,117,1
body,0.30000000000000004,-0.15000000000000002,Pawn,2.1078625811044964,2.1041119016112932,2.348551053632699,118,0
body,0.30000000000000004,-0.15000000000000002,Bishop,0.14411340098779654,0.12148881061244765,0.38047619263507926,117,0
body,0.30000000000000004,-0.15000000000000002,Queen,0.1245760056085246,0.10311110532210659,0.24808177965020128,117,1
body,0.30000000000000004,-0.10000000000000003,Pawn,2.0744420535613703,2.0704743478066723,2.3226598613034,118,0
body,0.30000000000000004,-0.10000000000000003,Bishop,0.11990840700021331,0.1016049309517761,0.3442854220947691,118,1
body,0.30000000000000004,-0.10000000000000003,Queen,0.14538882764390113,0.11184227168978642,0.2865102369499546,118,0
body,0.30000000000000004,-0.050000000000000044,Pawn,2.039897925934525,2.0356699999116765,2.2795510536327033,119,0
body,0.30000000000000004,-0.050000000000000044,Bishop,0.10074558880445884,0.08347255467637979,0.28947619263508173,118,1
body,0.30000000000000004,-0.050000000000000044,Queen,0.17012119755400382,0.12765047276162111,0.32508177965019946,118,0
body,0.30000000000000004,-5.551115123125783e-17,Pawn,2.0064866168053563,2.0019528507150817,2.254659861303395,119,0
body,0.30000000000000004,-5.551115123125783e-17,Bishop,0.08952294540528277,0.07038334485783437,0.25328542209477156,119,1
body,0.30000000000000004,-5.551115123125783e-17,Queen,0.19722837392723283,0.15299485114040337,0.36251023694994977,119,0
body,0.30000000000000004,0.04999999999999993,Pawn,1.9721581808284574,1.9672836442607133,2.2115510536326983,120,0
body,0.30000000000000004,0.04999999999999993,Bishop,0.08993465604659234,0.06959662918717494,0.1984761926350771,119,1
body,0.30000000000000004,0.04999999999999993,Queen,0.22617977746583293,0.18314799707808063,0.4014286745308393,119,0
body,0.30000000000000004,0.09999999999999992,Pawn,1.9387667185637623,1.9334882310929116,2.185659861303396,120,0
body,0.30000000000000004,0.09999999999999992,Bishop,0.10188786669763031,0.08498768235441016,0.19400019999999962,120,1
body,0.30000000000000004,0.09999999999999992,Queen,0.255553545699298,0.214335025051606,0.437040823783974,120,0
body,0.30000000000000004,0.1499999999999999,Pawn,1.9054330117063207,1.899695500223795,2.142551053632703,120,0
body,0.30000000000000004,0.1499999999999999,Bishop,0.12161562091509324,0.10642895104869173,0.23019009714748684,120,1
body,0.30000000000000004,0.1499999999999999,Queen,0.28621625057137695,0.2470773765385749,0.47742867453084337,120,0
body,0.30000000000000004,0.1999999999999999,Pawn,1.8721496523948806,1.8659000867446105,2.1166598613034004,120,0
body,0.30000000000000004,0.1999999999999999,Bishop,0.14581186531876955,0.13149243142635283,0.24000019999999722,120,1
body,0.30000000000000004,0.1999999999999999,Queen,0.3176965105618252,0.27970322244059864,0.5132040053346891,120,0
body,0.30000000000000004,0.24999999999999983,Pawn,1.8386765447897275,1.831832249834541,2.0735510536327038,120,0
body,0.30000000000000004,0.24999999999999983,Bishop,0.17307447370075668,0.15939642075240332,0.2761900971474871,120,1
body,0.30000000000000004,0.24999999999999983,Queen,0.34917991326436854,0.3121488048215698,0.5544286745308415,120,0
body,0.30000000000000004,0.2999999999999999,Pawn,1.805204204071213,1.7977109845259542,2.048659861303399,120,0
body,0.30000000000000004,0.2999999999999999,Bishop,0.20199351802841975,0.19088690473546568,0.2860001999999984,120,1
body,0.30000000000000004,0.2999999999999999,Queen,0.3811576016858419,0.34447788204579527,0.5902040053346873,120,0
body,0.325,-0.3,Pawn,2.235954094055146,2.232693844277838,2.486659861303398,116,0
body,0.325,-0.3,Bishop,0.2508648242622924,0.22166379812478956,0.5140473980949487,116,0
body,0.325,-0.3,Queen,0.12357924991618793,0.10887966460743387,0.22836700462676696,116,1
body,0.325,-0.25,Pawn,2.2009963790049,2.197610776390201,2.443551053632701,117,0
body,0.325,-0.25,Bishop,0.22087296283466767,0.1907163373257156,0.4778570937132667,116,0
body,0.325,-0.25,Queen,0.1110467406955261,0.10009518244562005,0.19275495853899294,116,1
body,0.325,-0.2,Pawn,2.167574563030465,2.1640541734733234,2.416659861303394,117,0
body,0.325,-0.2,Bishop,0.19059731898337184,0.16005494979135199,0.44166682984070427,117,0
body,0.325,-0.2,Queen,0.10931440974185591,0.0993397671966367,0.18451023694995783,117,1
body,0.325,-0.15000000000000002,Pawn,2.1328186176749937,2.129111901611292,2.3735510536326974,118,0
body,0.325,-0.15000000000000002,Bishop,0.16252403907039487,0.13597109793308426,0.40547619263507784,117,0
body,0.325,-0.15000000000000002,Queen,0.11636425781219659,0.10287404604077599,0.2230817796502027,117,1
body,0.325,-0.10000000000000003,Pawn,2.099394805884364,2.095474347806671,2.3476598613033985,118,0
body,0.325,-0.10000000000000003,Bishop,0.1355701931486055,0.11364931339352223,0.36928542209476767,118,0
body,0.325,-0.10000000000000003,Queen,0.13248323756212524,0.10859494158514874,0.261510236949956,118,1
body,0.325,-0.050000000000000044,Pawn,2.064846737224716,2.0606699999116755,2.304551053632702,119,0
body,0.325,-0.050000000000000044,Bishop,0.1120521600610314,0.09409563940707301,0.3144761926350803,118,1
body,0.325,-0.050000000000000044,Queen,0.15391638495831778,0.11757229192909963,0.3000817796502009,118,0
body,0.325,-5.551115123125783e-17,Pawn,2.0314308223404396,2.0269528507150807,2.2796598613033936,119,0
body,0.325,-5.551115123125783e-17,Bishop,0.0936395712525589,0.0761916767985999,0.27828542209477014,119,1
body,0.325,-5.551115123125783e-17,Queen,0.17906150288521883,0.1355112329060284,0.3375102369499512,119,0
body,0.325,0.04999999999999993,Pawn,1.9970971614875532,1.9922836442607121,2.236551053632697,120,0
body,0.325,0.04999999999999993,Bishop,0.08510002206315213,0.06673028807573834,0.22347619263507568,119,1
body,0.325,0.04999999999999993,Queen,0.2065681659964511,0.1608566263566644,0.3764286745308407,119,0
body,0.325,0.09999999999999992,Pawn,1.9636995189094333,1.9584882310929104,2.2106598613033945,120,0
body,0.325,0.09999999999999992,Bishop,0.088827717904845,0.07098847004966663,0.1872854220947655,120,1
body,0.325,0.09999999999999992,Queen,0.23506920286071092,0.1903312787839591,0.41204082378397544,120,0
body,0.325,0.1499999999999999,Pawn,1.9303587068499484,1.9246955002237938,2.1675510536327014,120,0
body,0.325,0.1499999999999999,Bishop,0.10342920870818324,0.08832339994605934,0.20519009714748648,120,1
body,0.325,0.1499999999999999,Queen,0.2650142259028291,0.2224940432052427,0.4524286745308448,120,0
body,0.325,0.1999999999999999,Pawn,1.8970672959332515,1.8909000867446095,2.141659861303399,120,0
body,0.325,0.1999999999999999,Bishop,0.12477157227362569,0.11097100926334927,0.21500019999999687,120,1
body,0.325,0.1999999999999999,Queen,0.2959942201594438,0.2551198891072664,0.48820400533469055,120,0
body,0.325,0.24999999999999983,Pawn,1.8635847307948232,1.8568322498345395,2.0985510536327023,120,0
body,0.325,0.24999999999999983,Bishop,0.15057334746720796,0.13671307109946676,0.25119009714748675,120,1
body,0.325,0.24999999999999983,Queen,0.32708689709754635,0.28756547148823763,0.529428674530843,120,0
body,0.325,0.2999999999999999,Pawn,1.8301018462431744,1.8227109845259533,2.0736598613033976,120,0
body,0.325,0.2999999999999999,Bishop,0.17867205364967195,0.16639166177037953,0.261000199999998,120,1
body,0.325,0.2999999999999999,Queen,0.35878111696030024,0.319894548712463,0.5652040053346887,120,0
body,0.35000000000000003,-0.3,Pawn,2.2609180442766736,2.2576938442778385,2.5116598613033982,116,0
body,0.35000000000000003,-0.3,Bishop,0.2732056916654382,0.24666379812478986,0.5390473980949491,116,0
body,0.35000000000000003,-0.3,Queen,0.13966613985544135,0.11962877613212017,0.2533670046267673,116,1
body,0.35000000000000003,-0.25,Pawn,2.22595835522864,2.2226107763902014,2.4685510536327016,117,0
body,0.35000000000000003,-0.25,Bishop,0.24272086195147943,0.2150710223020907,0.502857093713267,116,0
body,0.35000000000000003,-0.25,Queen,0.12203550605080006,0.10841925540173339,0.2177549585389933,116,1
body,0.35000000000000003,-0.2,Pawn,2.192534422756089,2.1890541734733233,2.4416598613033944,117,0
body,0.35000000000000003,-0.2,Bishop,0.21167033950059527,0.18214001548988218,0.4666668298407046,117,0
body,0.35000000000000003,-0.2,Queen,0.1135584797564061,0.1026645670411608,0.18944964273178755,117,1
body,0.35000000000000003,-0.15000000000000002,Pawn,2.1577756720710415,2.154111901611292,2.3985510536326977,118,0
body,0.35000000000000003,-0.15000000000000002,Bishop,0.1825087784388506,0.15386975186879298,0.4304761926350782,117,0
body,0.35000000000000003,-0.15000000000000002,Queen,0.11319054650893483,0.10332215316205745,0.19808177965020235,117,1
body,0.35000000000000003,-0.10000000000000003,Pawn,2.1243486692077127,2.1204743478066717,2.372659861303399,118,0
body,0.35000000000000003,-0.10000000000000003,Bishop,0.15372224455612116,0.12753632748228694,0.394285422094768,118,0
body,0.35000000000000003,-0.10000000000000003,Queen,0.12335195688037028,0.10795156772186502,0.23651023694995565,118,1
body,0.35000000000000003,-0.050000000000000044,Pawn,2.0897967719907933,2.085669999911676,2.329551053632702,119,0
body,0.35000000000000003,-0.050000000000000044,Bishop,0.1273251722367935,0.10620136718325192,0.33947619263508066,118,1
body,0.35000000000000003,-0.050000000000000044,Queen,0.1403185136041048,0.11401469970263278,0.27508177965020053,118,0
body,0.35000000000000003,-5.551115123125783e-17,Pawn,2.056376382983064,2.051952850715081,2.304659861303394,119,0
body,0.35000000000000003,-5.551115123125783e-17,Bishop,0.10379008071433894,0.0862352928135927,0.3032854220947705,119,1
body,0.35000000000000003,-5.551115123125783e-17,Queen,0.16271758401920056,0.12465873111166932,0.31251023694995084,119,0
body,0.35000000000000003,0.04999999999999993,Pawn,2.022037649163506,2.0172836442607127,2.2615510536326973,120,0
body,0.35000000000000003,0.04999999999999993,Bishop,0.08744018042112635,0.0699263598762614,0.24847619263507603,119,1
body,0.35000000000000003,0.04999999999999993,Queen,0.18823794163712174,0.14281976139602795,0.35142867453084037,119,0
body,0.35000000000000003,0.09999999999999992,Pawn,1.9886340065783312,1.9834882310929107,2.235659861303395,120,0
body,0.35000000000000003,0.09999999999999992,Bishop,0.08154501552008743,0.06452261459562936,0.21228542209476586,120,1
body,0.35000000000000003,0.09999999999999992,Queen,0.21553989316981734,0.16854047351252888,0.3870408237839751,120,0
body,0.35000000000000003,0.1499999999999999,Pawn,1.955286299272461,1.949695500223794,2.1925510536327018,120,0
body,0.35000000000000003,0.1499999999999999,Bishop,0.08862755315046239,0.07266624677785181,0.18019009714748702,120,1
body,0.35000000000000003,0.1499999999999999,Queen,0.24453085239006853,0.1983477781267235,0.42742867453084443,120,0
body,0.35000000000000003,0.1999999999999999,Pawn,1.921987078426057,1.9159000867446097,2.1666598613033994,120,0
body,0.35000000000000003,0.1999999999999999,Bishop,0.10547412207516096,0.0922368959067428,0.1900001999999974,120,1
body,0.35000000000000003,0.1999999999999999,Queen,0.27485284046637365,0.23068655577393288,0.4632040053346902,120,0
body,0.35000000000000003,0.24999999999999983,Pawn,1.8884953432146296,1.8818322498345401,2.1235510536327027,120,0
body,0.35000000000000003,0.24999999999999983,Bishop,0.12899570724705076,0.11562497671639645,0.22619009714748728,120,1
body,0.35000000000000003,0.24999999999999983,Queen,0.30544240812056345,0.2631321381549041,0.5044286745308426,120,0
body,0.35000000000000003,0.2999999999999999,Pawn,1.8550022417369132,1.8477109845259534,2.098659861303398,120,0
body,0.35000000000000003,0.2999999999999999,Bishop,0.15587181972789224,0.14269801649628455,0.23600019999999855,120,1
body,0.35000000000000003,0.2999999999999999,Queen,0.33677390405382857,0.2954612153791295,0.5402040053346884,120,0
body,0.375,-0.3,Pawn,2.285882782460587,2.282693844277839,2.5366598613033986,116,0
body,0.375,-0.3,Bishop,0.2959721944112828,0.27166379812479025,0.5640473980949494,116,0
body,0.375,-0.3,Queen,0.15808678070728066,0.1316189405298545,0.27836700462676767,116,1
body,0.375,-0.25,Pawn,2.2509211754372265,2.247610776390202,2.493551053632702,117,0
body,0.375,-0.25,Bishop,0.2651263244975381,0.24007102230209101,0.5278570937132674,116,0
body,0.375,-0.25,Queen,0.13676238830559503,0.11836365276034697,0.24275495853899365,116,1
body,0.375,-0.2,Pawn,2.217495186836725,2.214054173473324,2.4666598613033948,117,0
body,0.375,-0.2,Bishop,0.23351943654639407,0.20703989241295953,0.491666829840705,117,0
body,0.375,-0.2,Queen,0.12284712642940367,0.10920548493673542,0.2144496427317879,117,1
body,0.375,-0.15000000000000002,Pawn,2.1827337093796397,2.179111901611293,2.423551053632698,118,0
body,0.375,-0.15000000000000002,Bishop,0.20360462946290714,0.17585958395229156,0.45547619263507855,117,0
body,0.375,-0.15000000000000002,Queen,0.11547103161312532,0.10540814689215246,0.1788369949045734,117,1
body,0.375,-0.10000000000000003,Pawn,2.1493036048345786,2.145474347806672,2.3976598613033993,118,0
body,0.375,-0.10000000000000003,Bishop,0.17358507906036644,0.14491081229484767,0.4192854220947684,118,0
body,0.375,-0.10000000000000003,Queen,0.11886800367420577,0.10789205792699705,0.2115102369499553,118,1
body,0.375,-0.050000000000000044,Pawn,2.114747986928638,2.1106699999116754,2.3545510536327026,119,0
body,0.375,-0.050000000000000044,Bishop,0.14531934625477527,0.1205250182029529,0.364476192635081,118,0
body,0.375,-0.050000000000000044,Queen,0.13014728948961501,0.11287460248478899,0.2500817796502002,118,1
body,0.375,-5.551115123125783e-17,Pawn,2.0813232500085768,2.076952850715081,2.3296598613033943,119,0
body,0.375,-5.551115123125783e-17,Bishop,0.11843307141594761,0.09801320702353171,0.32828542209477085,119,1
body,0.375,-5.551115123125783e-17,Queen,0.1487985298401096,0.12001886750611512,0.2875102369499505,119,0
body,0.375,0.04999999999999993,Pawn,2.0469795887716407,2.0422836442607126,2.2865510536326976,120,0
body,0.375,0.04999999999999993,Bishop,0.09643420839623912,0.07863424940860264,0.2734761926350764,119,1
body,0.375,0.04999999999999993,Queen,0.1716002276817358,0.1310528212662385,0.32642867453084,119,0
body,0.375,0.09999999999999992,Pawn,2.013570118886957,2.008488231092911,2.2606598613033952,120,0
body,0.375,0.09999999999999992,Bishop,0.08160156643202307,0.06477975952898887,0.23728542209476622,120,1
body,0.375,0.09999999999999992,Queen,0.19724948912923068,0.15091530596514466,0.36204082378397473,120,0
body,0.375,0.1499999999999999,Pawn,1.9802157173231876,1.9746955002237943,2.217551053632702,120,0
body,0.375,0.1499999999999999,Bishop,0.0791333377336956,0.06270354884124685,0.18247619263507886,120,1
body,0.375,0.1499999999999999,Queen,0.22496252045696688,0.1767260121811379,0.4024286745308441,120,0
body,0.375,0.1999999999999999,Pawn,1.9469089177395953,1.94090008674461,2.1916598613033997,120,0
body,0.375,0.1999999999999999,Bishop,0.08905973055999723,0.07569801227290997,0.16500019999999704,120,1
body,0.375,0.1999999999999999,Queen,0.254412243135173,0.20716206631160244,0.43820400533468984,120,0
body,0.375,0.24999999999999983,Pawn,1.9134082872808589,1.9068322498345402,2.148551053632703,120,0
body,0.375,0.24999999999999983,Bishop,0.10889192811615143,0.09640038002645654,0.20119009714748692,120,1
body,0.375,0.24999999999999983,Queen,0.2843488897535505,0.2389654714882371,0.47942867453084226,120,0
body,0.375,0.2999999999999999,Pawn,1.8799052811445776,1.872710984525954,2.1236598613033983,120,0
body,0.375,0.2999999999999999,Bishop,0.1338594248276071,0.12100990167076446,0.2110001999999982,120,1
body,0.375,0.2999999999999999,Queen,0.31521331668575486,0.27129454871246256,0.515204005334688,120,0
body,0.4,-0.3,Pawn,2.3108482830691517,2.3076938442778387,2.561659861303399,116,0
body,0.4,-0.3,Bishop,0.3190732357482682,0.29666379812479055,0.5890473980949498,116,0
body,0.4,-0.3,Queen,0.17811858366454641,0.14978712433621436,0.303367004626768,116,1
body,0.4,-0.25,Pawn,2.2758848118591626,2.272610776390202,2.5185510536327023,117,0
body,0.4,-0.25,Bishop,0.2879592315878736,0.2650710223020914,0.5528570937132677,116,0
body,0.4,-0.25,Queen,0.15415977741624404,0.12958919630954505,0.267754958538994,116,1
body,0.4,-0.2,Pawn,2.242456825073275,2.2390541734733245,2.491659861303395,117,0
body,0.4,-0.2,Bishop,0.25594593543479743,0.23203989241295983,0.5166668298407053,117,0
body,0.4,-0.2,Queen,0.13615177053324615,0.11885819258159366,0.23944964273178826,117,1
body,0.4,-0.15000000000000002,Pawn,2.2076926962652133,2.2041119016112924,2.4485510536326984,118,0
body,0.4,-0.15000000000000002,Bishop,0.22549996911355444,0.2004078186297233,0.4804761926350789,117,0
body,0.4,-0.15000000000000002,Queen,0.12290247542099171,0.11003802660155501,0.20383699490457374,117,1
body,0.4,-0.10000000000000003,Pawn,2.1742595758430614,2.1704743478066724,2.4226598613033996,118,0
body,0.4,-0.10000000000000003,Bishop,0.19463563618570842,0.16754197656280653,0.44428542209476873,118,0
body,0.4,-0.10000000000000003,Queen,0.11955542366938147,0.10934172863000942,0.18651023694995494,118,1
body,0.4,-0.050000000000000044,Pawn,2.13970034075202,2.135669999911676,2.379551053632703,119,0
body,0.4,-0.050000000000000044,Bishop,0.1651475864392255,0.13861459880022362,0.3894761926350814,118,0
body,0.4,-0.050000000000000044,Queen,0.12424712738297818,0.11256363191219668,0.22508177965019982,118,1
body,0.4,-5.551115123125783e-17,Pawn,2.10627137699823,2.1019528507150818,2.3546598613033947,119,0
body,0.4,-5.551115123125783e-17,Bishop,0.13612642636659839,0.11181833023760077,0.3532854220947712,119,1
body,0.4,-5.551115123125783e-17,Queen,0.13803982329788178,0.11868547344270736,0.2625102369499501,119,0
body,0.4,0.04999999999999993,Pawn,2.0719229278766025,2.067283644260713,2.311551053632698,120,0
body,0.4,0.04999999999999993,Bishop,0.1104686740480733,0.09049619145262486,0.29847619263507674,119,1
body,0.4,0.04999999999999993,Queen,0.15719336375644716,0.1262167738804669,0.30142867453083966,119,0
body,0.4,0.09999999999999992,Pawn,2.038507796214937,2.033488231092911,2.2856598613033956,120,0
body,0.4,0.09999999999999992,Bishop,0.0889833789656725,0.07133530746766761,0.2622854220947666,120,1
body,0.4,0.09999999999999992,Queen,0.18057484978764,0.13885815941013255,0.3370408237839744,120,0
body,0.4,0.1499999999999999,Pawn,2.005146892909589,1.9996955002237944,2.2425510536327025,120,0
body,0.4,0.1499999999999999,Bishop,0.07693716334978998,0.061079754614778915,0.20747619263507922,120,1
body,0.4,0.1499999999999999,Queen,0.20656943977773923,0.15852874287525456,0.3774286745308437,120,0
body,0.4,0.1999999999999999,Pawn,1.9718327358858798,1.9659000867446106,2.2166598613034,120,0
body,0.4,0.1999999999999999,Bishop,0.077385275003147,0.06312259741998147,0.17128542209476905,120,1
body,0.4,0.1999999999999999,Queen,0.2348554768399216,0.18553894279020053,0.4132040053346895,120,0
body,0.4,0.24999999999999983,Pawn,1.9383234730887406,1.9318322498345408,2.1735510536327034,120,0
body,0.4,0.24999999999999983,Bishop,0.09124150113593808,0.0791543617957852,0.17619009714748657,120,1
body,0.4,0.24999999999999983,Queen,0.2639384730001763,0.21535253974305107,0.4544286745308419,120,0
body,0.4,0.2999999999999999,Pawn,1.9048108607684837,1.897710984525954,2.1486598613033987,120,0
body,0.4,0.2999999999999999,Bishop,0.11309583124532524,0.10115356086864159,0.18600019999999784,120,1
body,0.4,0.2999999999999999,Queen,0.29419756555826676,0.2471278820457955,0.49020400533468766,120,0
